;time;vin;i(v1);l0;
;2,00000000e-05;6,28318529e-04;-1,25663706e-07;5,00000000e+03;
;4,00000000e-05;1,25663705e-03;-2,51327411e-07;5,00000000e+03;
;8,00000000e-05;2,51327402e-03;-5,02654806e-07;5,00000000e+03;
;1,60000000e-04;5,02654740e-03;-1,00530948e-06;5,00000000e+03;
;3,20000000e-04;1,00530897e-02;-2,01061795e-06;5,00000000e+03;
;6,40000000e-04;2,01061388e-02;-4,02122778e-06;5,00000000e+03;
;1,28000000e-03;4,02119525e-02;-8,04239053e-06;5,00000000e+03;
;2,00000000e-03;6,28301994e-02;-1,25660399e-05;5,00000000e+03;
;2,12800000e-03;6,68510998e-02;-1,33702200e-05;5,00000000e+03;
;2,38400000e-03;7,48927681e-02;-1,49785537e-05;5,00000000e+03;
;2,89600000e-03;9,09755027e-02;-1,81951006e-05;5,00000000e+03;
;3,92000000e-03;1,23137981e-01;-2,46275963e-05;5,00000001e+03;
;5,92000000e-03;1,85939401e-01;-3,71878804e-05;5,00000001e+03;
;7,92000000e-03;2,48711460e-01;-4,97422921e-05;5,00000001e+03;
;9,92000000e-03;3,11444243e-01;-6,22888489e-05;5,00000001e+03;
;1,19200000e-02;3,74127847e-01;-7,48255695e-05;5,00000001e+03;
;1,39200000e-02;4,36752371e-01;-8,73504743e-05;5,00000001e+03;
;1,59200000e-02;4,99307926e-01;-9,98615856e-05;5,00000001e+03;
;1,79200000e-02;5,61784636e-01;-1,12356927e-04;5,00000001e+03;
;1,99200000e-02;6,24172633e-01;-1,24834527e-04;5,00000002e+03;
;2,19200000e-02;6,86462065e-01;-1,37292413e-04;5,00000002e+03;
;2,39200000e-02;7,48643098e-01;-1,49728620e-04;5,00000003e+03;
;2,59200000e-02;8,10705911e-01;-1,62141182e-04;5,00000003e+03;
;2,79200000e-02;8,72640704e-01;-1,74528141e-04;5,00000003e+03;
;2,99200000e-02;9,34437698e-01;-1,86887539e-04;5,00000003e+03;
;3,19200000e-02;9,96087132e-01;-1,99217426e-04;5,00000003e+03;
;3,39200000e-02;1,05757927e+00;-2,11515854e-04;5,00000004e+03;
;3,59200000e-02;1,11890441e+00;-2,23780881e-04;5,00000005e+03;
;3,79200000e-02;1,18005286e+00;-2,36010570e-04;5,00000005e+03;
;3,99200000e-02;1,24101496e+00;-2,48202991e-04;5,00000006e+03;
;4,19200000e-02;1,30178110e+00;-2,60356218e-04;5,00000006e+03;
;4,39200000e-02;1,36234167e+00;-2,72468331e-04;5,00000006e+03;
;4,59200000e-02;1,42268710e+00;-2,84537418e-04;5,00000007e+03;
;4,79200000e-02;1,48280788e+00;-2,96561574e-04;5,00000008e+03;
;4,99200000e-02;1,54269451e+00;-3,08538899e-04;5,00000008e+03;
;5,19200000e-02;1,60233753e+00;-3,20467502e-04;5,00000008e+03;
;5,39200000e-02;1,66172752e+00;-3,32345500e-04;5,00000009e+03;
;5,59200000e-02;1,72085510e+00;-3,44171016e-04;5,00000009e+03;
;5,79200000e-02;1,77971094e+00;-3,55942184e-04;5,00000009e+03;
;5,99200000e-02;1,83828575e+00;-3,67657144e-04;5,00000010e+03;
;6,19200000e-02;1,89657027e+00;-3,79314047e-04;5,00000010e+03;
;6,39200000e-02;1,95455529e+00;-3,90911052e-04;5,00000010e+03;
;6,59200000e-02;2,01223167e+00;-4,02446328e-04;5,00000011e+03;
;6,79200000e-02;2,06959030e+00;-4,13918052e-04;5,00000012e+03;
;6,99200000e-02;2,12662211e+00;-4,25324414e-04;5,00000012e+03;
;7,19200000e-02;2,18331811e+00;-4,36663612e-04;5,00000012e+03;
;7,39200000e-02;2,23966933e+00;-4,47933856e-04;5,00000013e+03;
;7,59200000e-02;2,29566688e+00;-4,59133365e-04;5,00000015e+03;
;7,79200000e-02;2,35130192e+00;-4,70260372e-04;5,00000016e+03;
;7,99200000e-02;2,40656567e+00;-4,81313119e-04;5,00000017e+03;
;8,19200000e-02;2,46144939e+00;-4,92289862e-04;5,00000018e+03;
;8,39200000e-02;2,51594441e+00;-5,03188866e-04;5,00000019e+03;
;8,59200000e-02;2,57004214e+00;-5,14008412e-04;5,00000019e+03;
;8,79200000e-02;2,62373404e+00;-5,24746789e-04;5,00000020e+03;
;8,99200000e-02;2,67701161e+00;-5,35402301e-04;5,00000022e+03;
;9,19200000e-02;2,72986645e+00;-5,45973267e-04;5,00000024e+03;
;9,39200000e-02;2,78229022e+00;-5,56458019e-04;5,00000024e+03;
;9,59200000e-02;2,83427462e+00;-5,66854899e-04;5,00000025e+03;
;9,79200000e-02;2,88581147e+00;-5,77162267e-04;5,00000026e+03;
;9,99200000e-02;2,93689261e+00;-5,87378493e-04;5,00000027e+03;
;1,01920000e-01;2,98750998e+00;-5,97501965e-04;5,00000028e+03;
;1,03920000e-01;3,03765559e+00;-6,07531085e-04;5,00000030e+03;
;1,05920000e-01;3,08732152e+00;-6,17464267e-04;5,00000032e+03;
;1,07920000e-01;3,13649992e+00;-6,27299945e-04;5,00000033e+03;
;1,09920000e-01;3,18518304e+00;-6,37036566e-04;5,00000035e+03;
;1,11920000e-01;3,23336317e+00;-6,46672591e-04;5,00000036e+03;
;1,13920000e-01;3,28103272e+00;-6,56206499e-04;5,00000037e+03;
;1,15920000e-01;3,32818416e+00;-6,65636784e-04;5,00000039e+03;
;1,17920000e-01;3,37481004e+00;-6,74961959e-04;5,00000039e+03;
;1,19920000e-01;3,42090300e+00;-6,84180548e-04;5,00000040e+03;
;1,21920000e-01;3,46645576e+00;-6,93291096e-04;5,00000042e+03;
;1,23920000e-01;3,51146112e+00;-7,02292166e-04;5,00000044e+03;
;1,25920000e-01;3,55591198e+00;-7,11182337e-04;5,00000045e+03;
;1,27920000e-01;3,59980133e+00;-7,19960202e-04;5,00000047e+03;
;1,29920000e-01;3,64312222e+00;-7,28624376e-04;5,00000049e+03;
;1,31920000e-01;3,68586782e+00;-7,37173494e-04;5,00000051e+03;
;1,33920000e-01;3,72803139e+00;-7,45606204e-04;5,00000052e+03;
;1,35920000e-01;3,76960625e+00;-7,53921175e-04;5,00000052e+03;
;1,37920000e-01;3,81058584e+00;-7,62117093e-04;5,00000052e+03;
;1,39920000e-01;3,85096371e+00;-7,70192662e-04;5,00000054e+03;
;1,41920000e-01;3,89073346e+00;-7,78146609e-04;5,00000056e+03;
;1,43920000e-01;3,92988881e+00;-7,85977678e-04;5,00000056e+03;
;1,45920000e-01;3,96842360e+00;-7,93684633e-04;5,00000057e+03;
;1,47920000e-01;4,00633172e+00;-8,01266253e-04;5,00000059e+03;
;1,49920000e-01;4,04360720e+00;-8,08721343e-04;5,00000062e+03;
;1,51920000e-01;4,08024414e+00;-8,16048728e-04;5,00000063e+03;
;1,53920000e-01;4,11623677e+00;-8,23247250e-04;5,00000065e+03;
;1,55920000e-01;4,15157939e+00;-8,30315772e-04;5,00000067e+03;
;1,57920000e-01;4,18626643e+00;-8,37253177e-04;5,00000068e+03;
;1,59920000e-01;4,22029241e+00;-8,44058369e-04;5,00000070e+03;
;1,61920000e-01;4,25365196e+00;-8,50730276e-04;5,00000071e+03;
;1,63920000e-01;4,28633981e+00;-8,57267842e-04;5,00000073e+03;
;1,65920000e-01;4,31835080e+00;-8,63670035e-04;5,00000074e+03;
;1,67920000e-01;4,34967986e+00;-8,69935845e-04;5,00000076e+03;
;1,69920000e-01;4,38032207e+00;-8,76064282e-04;5,00000078e+03;
;1,71920000e-01;4,41027257e+00;-8,82054378e-04;5,00000079e+03;
;1,73920000e-01;4,43952663e+00;-8,87905188e-04;5,00000081e+03;
;1,75920000e-01;4,46807965e+00;-8,93615787e-04;5,00000082e+03;
;1,77920000e-01;4,49592710e+00;-8,99185273e-04;5,00000084e+03;
;1,79920000e-01;4,52306459e+00;-9,04612768e-04;5,00000085e+03;
;1,81920000e-01;4,54948784e+00;-9,09897414e-04;5,00000087e+03;
;1,83920000e-01;4,57519267e+00;-9,15038377e-04;5,00000089e+03;
;1,84170000e-01;4,57835506e+00;-9,15670853e-04;5,00000089e+03;
;1,84670000e-01;4,58464593e+00;-9,16929028e-04;5,00000089e+03;
;1,85670000e-01;4,59709188e+00;-9,19418215e-04;5,00000090e+03;
;1,85701250e-01;4,59747789e+00;-9,19495417e-04;5,00000090e+03;
;1,85763750e-01;4,59824939e+00;-9,19649717e-04;5,00000090e+03;
;1,85888750e-01;4,59979025e+00;-9,19957889e-04;5,00000090e+03;
;1,85892656e-01;4,59983836e+00;-9,19967511e-04;5,00000090e+03;
;1,85900469e-01;4,59993456e+00;-9,19986751e-04;5,00000090e+03;
;1,85902422e-01;4,59995861e+00;-9,19991561e-04;5,00000090e+03;
;1,85906328e-01;4,60000671e+00;-8,95887259e-04;5,13105468e+03;
;1,85912348e-01;4,60008083e+00;-5,92325276e-04;7,76613974e+03;
;1,85918414e-01;4,60015550e+00;-4,50220500e-04;1,02175613e+04;
;1,85925627e-01;4,60024429e+00;-4,50229190e-04;1,02175613e+04;
;1,85934739e-01;4,60035644e+00;-4,50240166e-04;1,02175613e+04;
;1,85943063e-01;4,60045888e+00;-4,50250192e-04;1,02175613e+04;
;1,85959712e-01;4,60066374e+00;-4,50270241e-04;1,02175613e+04;
;1,85993010e-01;4,60107329e+00;-4,50310324e-04;1,02175613e+04;
;1,86059606e-01;4,60189179e+00;-4,50390432e-04;1,02175613e+04;
;1,86192797e-01;4,60352637e+00;-4,50550410e-04;1,02175613e+04;
;1,86459180e-01;4,60678587e+00;-4,50869419e-04;1,02175613e+04;
;1,86991946e-01;4,61326614e+00;-4,51503647e-04;1,02175613e+04;
;1,88057478e-01;4,62607151e+00;-4,52756919e-04;1,02175613e+04;
;1,90057478e-01;4,64954686e+00;-4,55054468e-04;1,02175613e+04;
;1,92057478e-01;4,67228799e+00;-4,57280158e-04;1,02175613e+04;
;1,94057478e-01;4,69429132e+00;-4,59433639e-04;1,02175613e+04;
;1,96057478e-01;4,71555336e+00;-4,61514570e-04;1,02175613e+04;
;1,98057478e-01;4,73607076e+00;-4,63522623e-04;1,02175613e+04;
;2,00057478e-01;4,75584028e+00;-4,65457480e-04;1,02175613e+04;
;2,02057478e-01;4,77485879e+00;-4,67318836e-04;1,02175613e+04;
;2,04057478e-01;4,79312330e+00;-4,69106396e-04;1,02175613e+04;
;2,06057478e-01;4,81063092e+00;-4,70819880e-04;1,02175613e+04;
;2,08057478e-01;4,82737889e+00;-4,72459015e-04;1,02175613e+04;
;2,10057478e-01;4,84336456e+00;-4,74023544e-04;1,02175613e+04;
;2,12057478e-01;4,85858540e+00;-4,75513219e-04;1,02175613e+04;
;2,14057478e-01;4,87303902e+00;-4,76927805e-04;1,02175613e+04;
;2,16057478e-01;4,88672313e+00;-4,78267078e-04;1,02175613e+04;
;2,18057478e-01;4,89963557e+00;-4,79530827e-04;1,02175613e+04;
;2,20057478e-01;4,91177430e+00;-4,80718853e-04;1,02175613e+04;
;2,22057478e-01;4,92313740e+00;-4,81830968e-04;1,02175613e+04;
;2,24057478e-01;4,93372308e+00;-4,82866997e-04;1,02175613e+04;
;2,26057478e-01;4,94352967e+00;-4,83826775e-04;1,02175613e+04;
;2,28057478e-01;4,95255562e+00;-4,84710151e-04;1,02175613e+04;
;2,30057478e-01;4,96079950e+00;-4,85516985e-04;1,02175613e+04;
;2,32057478e-01;4,96826002e+00;-4,86247151e-04;1,02175613e+04;
;2,34057478e-01;4,97493599e+00;-4,86900533e-04;1,02175613e+04;
;2,36057478e-01;4,98082636e+00;-4,87477028e-04;1,02175613e+04;
;2,38057478e-01;4,98593020e+00;-4,87976544e-04;1,02175613e+04;
;2,40057478e-01;4,99024670e+00;-4,88399004e-04;1,02175613e+04;
;2,42057478e-01;4,99377519e+00;-4,88744339e-04;1,02175613e+04;
;2,44057478e-01;4,99651510e+00;-4,89012496e-04;1,02175613e+04;
;2,46057478e-01;4,99846600e+00;-4,89203432e-04;1,02175613e+04;
;2,48057478e-01;4,99962759e+00;-4,89317118e-04;1,02175613e+04;
;2,50057478e-01;4,99999967e+00;-4,89353534e-04;1,02175613e+04;
;2,52057478e-01;4,99958220e+00;-4,89312676e-04;1,02175613e+04;
;2,54057478e-01;4,99837524e+00;-4,89194550e-04;1,02175613e+04;
;2,56057478e-01;4,99637898e+00;-4,88999174e-04;1,02175613e+04;
;2,58057478e-01;4,99359373e+00;-4,88726580e-04;1,02175613e+04;
;2,60057478e-01;4,99001993e+00;-4,88376810e-04;1,02175613e+04;
;2,62057478e-01;4,98565816e+00;-4,87949920e-04;1,02175613e+04;
;2,64057478e-01;4,98050908e+00;-4,87445976e-04;1,02175613e+04;
;2,66057478e-01;4,97457353e+00;-4,86865060e-04;1,02175613e+04;
;2,68057478e-01;4,96785244e+00;-4,86207261e-04;1,02175613e+04;
;2,70057478e-01;4,96034686e+00;-4,85472685e-04;1,02175613e+04;
;2,72057478e-01;4,95205799e+00;-4,84661448e-04;1,02175613e+04;
;2,74057478e-01;4,94298713e+00;-4,83773676e-04;1,02175613e+04;
;2,76057478e-01;4,93313572e+00;-4,82809511e-04;1,02175613e+04;
;2,78057478e-01;4,92250531e+00;-4,81769105e-04;1,02175613e+04;
;2,80057478e-01;4,91109757e+00;-4,80652622e-04;1,02175613e+04;
;2,82057478e-01;4,89891432e+00;-4,79460238e-04;1,02175613e+04;
;2,84057478e-01;4,88595747e+00;-4,78192142e-04;1,02175613e+04;
;2,86057478e-01;4,87222907e+00;-4,76848534e-04;1,02175613e+04;
;2,88057478e-01;4,85773129e+00;-4,75429626e-04;1,02175613e+04;
;2,90057478e-01;4,84246642e+00;-4,73935642e-04;1,02175613e+04;
;2,92057478e-01;4,82643687e+00;-4,72366819e-04;1,02175613e+04;
;2,94057478e-01;4,80964516e+00;-4,70723403e-04;1,02175613e+04;
;2,96057478e-01;4,79209396e+00;-4,69005654e-04;1,02175613e+04;
;2,98057478e-01;4,77378603e+00;-4,67213844e-04;1,02175613e+04;
;3,00057478e-01;4,75472427e+00;-4,65348255e-04;1,02175613e+04;
;3,02057478e-01;4,73491168e+00;-4,63409183e-04;1,02175613e+04;
;3,04057478e-01;4,71435139e+00;-4,61396933e-04;1,02175613e+04;
;3,06057478e-01;4,69304665e+00;-4,59311822e-04;1,02175613e+04;
;3,08057478e-01;4,67100082e+00;-4,57154182e-04;1,02175613e+04;
;3,10057478e-01;4,64821739e+00;-4,54924351e-04;1,02175613e+04;
;3,12057478e-01;4,62469995e+00;-4,52622683e-04;1,02175613e+04;
;3,14057478e-01;4,60045222e+00;-4,50249540e-04;1,02175613e+04;
;3,16057478e-01;4,57547802e+00;-4,47805297e-04;1,02175613e+04;
;3,18057478e-01;4,54978130e+00;-4,45290341e-04;1,02175613e+04;
;3,20057478e-01;4,52336612e+00;-4,42705068e-04;1,02175613e+04;
;3,22057478e-01;4,49623665e+00;-4,40049887e-04;1,02175613e+04;
;3,24057478e-01;4,46839717e+00;-4,37325218e-04;1,02175613e+04;
;3,26057478e-01;4,43985207e+00;-4,34531489e-04;1,02175613e+04;
;3,28057478e-01;4,41060588e+00;-4,31669143e-04;1,02175613e+04;
;3,30057478e-01;4,38066319e+00;-4,28738631e-04;1,02175613e+04;
;3,32057478e-01;4,35002875e+00;-4,25740416e-04;1,02175613e+04;
;3,34057478e-01;4,31870739e+00;-4,22674973e-04;1,02175613e+04;
;3,36057478e-01;4,28670406e+00;-4,19542783e-04;1,02175613e+04;
;3,38057478e-01;4,25402380e+00;-4,16344344e-04;1,02175613e+04;
;3,40057478e-01;4,22067179e+00;-4,13080158e-04;1,02175613e+04;
;3,42057478e-01;4,18665328e+00;-4,09750743e-04;1,02175613e+04;
;3,44057478e-01;4,15197365e+00;-4,06356623e-04;1,02175613e+04;
;3,46057478e-01;4,11663838e+00;-4,02898334e-04;1,02175613e+04;
;3,48057478e-01;4,08065304e+00;-3,99376424e-04;1,02175613e+04;
;3,50057478e-01;4,04402332e+00;-3,95791447e-04;1,02175613e+04;
;3,52057478e-01;4,00675500e+00;-3,92143970e-04;1,02175613e+04;
;3,54057478e-01;3,96885397e+00;-3,88434569e-04;1,02175613e+04;
;3,56057478e-01;3,93032621e+00;-3,84663829e-04;1,02175613e+04;
;3,58057478e-01;3,89117781e+00;-3,80832347e-04;1,02175613e+04;
;3,60057478e-01;3,85141494e+00;-3,76940727e-04;1,02175613e+04;
;3,62057478e-01;3,81104389e+00;-3,72989584e-04;1,02175613e+04;
;3,64057478e-01;3,77007103e+00;-3,68979541e-04;1,02175613e+04;
;3,66057478e-01;3,72850284e+00;-3,64911232e-04;1,02175613e+04;
;3,68057478e-01;3,68634587e+00;-3,60785300e-04;1,02175613e+04;
;3,70057478e-01;3,64360679e+00;-3,56602395e-04;1,02175613e+04;
;3,72057478e-01;3,60029233e+00;-3,52363178e-04;1,02175613e+04;
;3,74057478e-01;3,55640935e+00;-3,48068320e-04;1,02175613e+04;
;3,76057478e-01;3,51196477e+00;-3,43718497e-04;1,02175613e+04;
;3,78057478e-01;3,46696561e+00;-3,39314397e-04;1,02175613e+04;
;3,80057478e-01;3,42141898e+00;-3,34856716e-04;1,02175613e+04;
;3,82057478e-01;3,37533206e+00;-3,30346156e-04;1,02175613e+04;
;3,84057478e-01;3,32871214e+00;-3,25783432e-04;1,02175613e+04;
;3,86057478e-01;3,28156658e+00;-3,21169262e-04;1,02175613e+04;
;3,88057478e-01;3,23390282e+00;-3,16504376e-04;1,02175613e+04;
;3,90057478e-01;3,18572839e+00;-3,11789510e-04;1,02175613e+04;
;3,92057478e-01;3,13705090e+00;-3,07025409e-04;1,02175613e+04;
;3,94057478e-01;3,08787803e+00;-3,02212825e-04;1,02175613e+04;
;3,96057478e-01;3,03821755e+00;-2,97352519e-04;1,02175613e+04;
;3,98057478e-01;2,98807730e+00;-2,92445256e-04;1,02175613e+04;
;4,00057478e-01;2,93746520e+00;-2,87491814e-04;1,02175613e+04;
;4,02057478e-01;2,88638923e+00;-2,82492973e-04;1,02175613e+04;
;4,04057478e-01;2,83485747e+00;-2,77449523e-04;1,02175613e+04;
;4,06057478e-01;2,78287806e+00;-2,72362261e-04;1,02175613e+04;
;4,08057478e-01;2,73045920e+00;-2,67231989e-04;1,02175613e+04;
;4,10057478e-01;2,67760916e+00;-2,62059519e-04;1,02175613e+04;
;4,12057478e-01;2,62433630e+00;-2,56845666e-04;1,02175613e+04;
;4,14057478e-01;2,57064903e+00;-2,51591254e-04;1,02175613e+04;
;4,16057478e-01;2,51655582e+00;-2,46297113e-04;1,02175613e+04;
;4,18057478e-01;2,46206522e+00;-2,40964079e-04;1,02175613e+04;
;4,20057478e-01;2,40718583e+00;-2,35592994e-04;1,02175613e+04;
;4,22057478e-01;2,35192632e+00;-2,30184706e-04;1,02175613e+04;
;4,24057478e-01;2,29629541e+00;-2,24740070e-04;1,02175613e+04;
;4,26057478e-01;2,24030189e+00;-2,19259944e-04;1,02175613e+04;
;4,28057478e-01;2,18395460e+00;-2,13745194e-04;1,02175613e+04;
;4,30057478e-01;2,12726244e+00;-2,08196692e-04;1,02175613e+04;
;4,32057478e-01;2,07023435e+00;-2,02615313e-04;1,02175613e+04;
;4,34057478e-01;2,01287936e+00;-1,97001939e-04;1,02175613e+04;
;4,36057478e-01;1,95520651e+00;-1,91357455e-04;1,02175613e+04;
;4,38057478e-01;1,89722490e+00;-1,85682755e-04;1,02175613e+04;
;4,40057478e-01;1,83894371e+00;-1,79978732e-04;1,02175613e+04;
;4,42057478e-01;1,78037212e+00;-1,74246289e-04;1,02175613e+04;
;4,44057478e-01;1,72151939e+00;-1,68486331e-04;1,02175613e+04;
;4,46057478e-01;1,66239482e+00;-1,62699767e-04;1,02175613e+04;
;4,48057478e-01;1,60300773e+00;-1,56887510e-04;1,02175613e+04;
;4,50057478e-01;1,54336751e+00;-1,51050479e-04;1,02175613e+04;
;4,52057478e-01;1,48348357e+00;-1,45189595e-04;1,02175613e+04;
;4,54057478e-01;1,42336538e+00;-1,39305785e-04;1,02175613e+04;
;4,56057478e-01;1,36302242e+00;-1,33399976e-04;1,02175613e+04;
;4,58057478e-01;1,30246422e+00;-1,27473102e-04;1,02175613e+04;
;4,60057478e-01;1,24170035e+00;-1,21526098e-04;1,02175613e+04;
;4,62057478e-01;1,18074039e+00;-1,15559904e-04;1,02175613e+04;
;4,64057478e-01;1,11959399e+00;-1,09575462e-04;1,02175613e+04;
;4,66057478e-01;1,05827079e+00;-1,03573717e-04;1,02175613e+04;
;4,68057478e-01;9,96780474e-01;-9,75556159e-05;1,02175613e+04;
;4,70057478e-01;9,35132756e-01;-9,15221098e-05;1,02175613e+04;
;4,72057478e-01;8,73337370e-01;-8,54741513e-05;1,02175613e+04;
;4,74057478e-01;8,11404075e-01;-7,94126955e-05;1,02175613e+04;
;4,76057478e-01;7,49342648e-01;-7,33386995e-05;1,02175613e+04;
;4,78057478e-01;6,87162893e-01;-6,72531224e-05;1,02175613e+04;
;4,80057478e-01;6,24874626e-01;-6,11569253e-05;1,02175613e+04;
;4,82057478e-01;5,62487684e-01;-5,50510708e-05;1,02175613e+04;
;4,84057478e-01;5,00011919e-01;-4,89365231e-05;1,02175613e+04;
;4,86057478e-01;4,37457196e-01;-4,28142478e-05;1,02175613e+04;
;4,88057478e-01;3,74833393e-01;-3,66852116e-05;1,02175613e+04;
;4,90057478e-01;3,12150400e-01;-3,05503823e-05;1,02175613e+04;
;4,92057478e-01;2,49418115e-01;-2,44107289e-05;1,02175613e+04;
;4,94057478e-01;1,86646444e-01;-1,82672206e-05;1,02175613e+04;
;4,96057478e-01;1,23845299e-01;-1,21208278e-05;1,02175613e+04;
;4,98057478e-01;6,10245978e-02;-5,97252092e-06;1,02175613e+04;
;5,00057478e-01;-1,80574014e-03;1,76729072e-07;1,02175613e+04;
;5,02057478e-01;-6,46357929e-02;6,32595117e-06;1,02175613e+04;
;5,04057478e-01;-1,27455639e-01;1,24741743e-05;1,02175613e+04;
;5,06057478e-01;-1,90255358e-01;1,86204277e-05;1,02175613e+04;
;5,08057478e-01;-2,53025034e-01;2,47637406e-05;1,02175613e+04;
;5,10057478e-01;-3,15754754e-01;3,09031431e-05;1,02175613e+04;
;5,12057478e-01;-3,78434613e-01;3,70376656e-05;1,02175612e+04;
;5,14057478e-01;-4,41054713e-01;4,31663395e-05;1,02175612e+04;
;5,16057478e-01;-5,03605165e-01;4,92881968e-05;1,02175612e+04;
;5,18057478e-01;-5,66076091e-01;5,54022711e-05;1,02175612e+04;
;5,20057478e-01;-6,28457628e-01;6,15075966e-05;1,02175612e+04;
;5,22057478e-01;-6,90739924e-01;6,76032095e-05;1,02175612e+04;
;5,24057478e-01;-7,52913145e-01;7,36881469e-05;1,02175612e+04;
;5,26057478e-01;-8,14967471e-01;7,97614482e-05;1,02175612e+04;
;5,28057478e-01;-8,76893105e-01;8,58221543e-05;1,02175612e+04;
;5,30057478e-01;-9,38680267e-01;9,18693080e-05;1,02175612e+04;
;5,32057478e-01;-1,00031920e+00;9,79019545e-05;1,02175612e+04;
;5,34057478e-01;-1,06180017e+00;1,03919141e-04;1,02175612e+04;
;5,36057478e-01;-1,12311347e+00;1,09919918e-04;1,02175612e+04;
;5,38057478e-01;-1,18424942e+00;1,15903337e-04;1,02175612e+04;
;5,40057478e-01;-1,24519836e+00;1,21868453e-04;1,02175612e+04;
;5,42057478e-01;-1,30595067e+00;1,27814325e-04;1,02175612e+04;
;5,44057478e-01;-1,36649676e+00;1,33740014e-04;1,02175612e+04;
;5,46057478e-01;-1,42682706e+00;1,39644583e-04;1,02175612e+04;
;5,48057478e-01;-1,48693205e+00;1,45527102e-04;1,02175612e+04;
;5,50057478e-01;-1,54680223e+00;1,51386639e-04;1,02175612e+04;
;5,52057478e-01;-1,60642816e+00;1,57222271e-04;1,02175612e+04;
;5,54057478e-01;-1,66580041e+00;1,63033076e-04;1,02175612e+04;
;5,56057478e-01;-1,72490961e+00;1,68818136e-04;1,02175612e+04;
;5,58057478e-01;-1,78374643e+00;1,74576538e-04;1,02175612e+04;
;5,60057478e-01;-1,84230158e+00;1,80307372e-04;1,02175611e+04;
;5,62057478e-01;-1,90056580e+00;1,86009733e-04;1,02175611e+04;
;5,64057478e-01;-1,95852991e+00;1,91682722e-04;1,02175611e+04;
;5,66057478e-01;-2,01618473e+00;1,97325441e-04;1,02175611e+04;
;5,68057478e-01;-2,07352118e+00;2,02937001e-04;1,02175611e+04;
;5,70057478e-01;-2,13053020e+00;2,08516514e-04;1,02175611e+04;
;5,72057478e-01;-2,18720278e+00;2,14063100e-04;1,02175611e+04;
;5,74057478e-01;-2,24352998e+00;2,19575883e-04;1,02175611e+04;
;5,76057478e-01;-2,29950290e+00;2,25053993e-04;1,02175611e+04;
;5,78057478e-01;-2,35511270e+00;2,30496564e-04;1,02175611e+04;
;5,80057478e-01;-2,41035060e+00;2,35902737e-04;1,02175611e+04;
;5,82057478e-01;-2,46520787e+00;2,41271658e-04;1,02175611e+04;
;5,84057478e-01;-2,51967587e+00;2,46602479e-04;1,02175611e+04;
;5,86057478e-01;-2,57374597e+00;2,51894360e-04;1,02175610e+04;
;5,88057478e-01;-2,62740965e+00;2,57146463e-04;1,02175610e+04;
;5,90057478e-01;-2,68065844e+00;2,62357960e-04;1,02175610e+04;
;5,92057478e-01;-2,73348391e+00;2,67528027e-04;1,02175610e+04;
;5,94057478e-01;-2,78587774e+00;2,72655849e-04;1,02175610e+04;
;5,96057478e-01;-2,83783165e+00;2,77740615e-04;1,02175610e+04;
;5,98057478e-01;-2,88933743e+00;2,82781522e-04;1,02175610e+04;
;6,00057478e-01;-2,94038694e+00;2,87777776e-04;1,02175610e+04;
;6,02057478e-01;-2,99097214e+00;2,92728585e-04;1,02175610e+04;
;6,04057478e-01;-3,04108503e+00;2,97633170e-04;1,02175610e+04;
;6,06057478e-01;-3,09071770e+00;3,02490755e-04;1,02175610e+04;
;6,08057478e-01;-3,13986230e+00;3,07300573e-04;1,02175609e+04;
;6,10057478e-01;-3,18851109e+00;3,12061865e-04;1,02175609e+04;
;6,12057478e-01;-3,23665637e+00;3,16773879e-04;1,02175609e+04;
;6,14057478e-01;-3,28429055e+00;3,21435870e-04;1,02175609e+04;
;6,16057478e-01;-3,33140610e+00;3,26047104e-04;1,02175609e+04;
;6,18057478e-01;-3,37799558e+00;3,30606850e-04;1,02175609e+04;
;6,20057478e-01;-3,42405163e+00;3,35114390e-04;1,02175608e+04;
;6,22057478e-01;-3,46956699e+00;3,39569011e-04;1,02175608e+04;
;6,24057478e-01;-3,51453447e+00;3,43970010e-04;1,02175608e+04;
;6,26057478e-01;-3,55894696e+00;3,48316693e-04;1,02175608e+04;
;6,28057478e-01;-3,60279745e+00;3,52608372e-04;1,02175608e+04;
;6,30057478e-01;-3,64607901e+00;3,56844370e-04;1,02175608e+04;
;6,32057478e-01;-3,68878482e+00;3,61024019e-04;1,02175608e+04;
;6,34057478e-01;-3,73090813e+00;3,65146657e-04;1,02175608e+04;
;6,36057478e-01;-3,77244228e+00;3,69211635e-04;1,02175608e+04;
;6,38057478e-01;-3,81338072e+00;3,73218310e-04;1,02175608e+04;
;6,40057478e-01;-3,85371698e+00;3,77166049e-04;1,02175608e+04;
;6,42057478e-01;-3,89344470e+00;3,81054230e-04;1,02175608e+04;
;6,44057478e-01;-3,93255760e+00;3,84882238e-04;1,02175607e+04;
;6,46057478e-01;-3,97104950e+00;3,88649468e-04;1,02175607e+04;
;6,48057478e-01;-4,00891432e+00;3,92355326e-04;1,02175607e+04;
;6,50057478e-01;-4,04614610e+00;3,95999226e-04;1,02175607e+04;
;6,52057478e-01;-4,08273893e+00;3,99580594e-04;1,02175607e+04;
;6,54057478e-01;-4,11868706e+00;4,03098864e-04;1,02175607e+04;
;6,56057478e-01;-4,15398480e+00;4,06553479e-04;1,02175607e+04;
;6,58057478e-01;-4,18862657e+00;4,09943896e-04;1,02175606e+04;
;6,60057478e-01;-4,22260692e+00;4,13269577e-04;1,02175606e+04;
;6,62057478e-01;-4,25592046e+00;4,16529998e-04;1,02175606e+04;
;6,64057478e-01;-4,28856195e+00;4,19724644e-04;1,02175606e+04;
;6,66057478e-01;-4,32052622e+00;4,22853011e-04;1,02175606e+04;
;6,68057478e-01;-4,35180823e+00;4,25914605e-04;1,02175606e+04;
;6,70057478e-01;-4,38240304e+00;4,28908941e-04;1,02175606e+04;
;6,72057478e-01;-4,41230581e+00;4,31835548e-04;1,02175605e+04;
;6,74057478e-01;-4,44151184e+00;4,34693964e-04;1,02175605e+04;
;6,76057478e-01;-4,47001649e+00;4,37483735e-04;1,02175605e+04;
;6,78057478e-01;-4,49781528e+00;4,40204424e-04;1,02175605e+04;
;6,80057478e-01;-4,52490381e+00;4,42855599e-04;1,02175605e+04;
;6,82057478e-01;-4,55127781e+00;4,45436842e-04;1,02175604e+04;
;6,84057478e-01;-4,57693311e+00;4,47947745e-04;1,02175604e+04;
;6,84307478e-01;-4,58008928e+00;4,48256643e-04;1,02175604e+04;
;6,84807478e-01;-4,58636773e+00;4,48871118e-04;1,02175604e+04;
;6,85807478e-01;-4,59878875e+00;4,50086773e-04;1,02175604e+04;
;6,85838728e-01;-4,59917398e+00;4,50124477e-04;1,02175604e+04;
;6,85901228e-01;-4,59994392e+00;4,50199831e-04;1,02175604e+04;
;6,85903182e-01;-4,59996797e+00;4,50202185e-04;1,02175604e+04;
;6,85907088e-01;-4,60001606e+00;4,64031514e-04;9,90380706e+03;
;6,85913614e-01;-4,60009641e+00;7,37928929e-04;6,23379333e+03;
;6,85914485e-01;-4,60010714e+00;8,67883819e-04;5,30037208e+03;
;6,85916228e-01;-4,60012859e+00;1,41689202e-03;3,24663314e+03;
;6,85916663e-01;-4,60013395e+00;1,72735239e-03;2,66311263e+03;
;6,85917534e-01;-4,60014468e+00;3,17393924e-03;1,44934869e+03;
;6,85918417e-01;-4,60015554e+00;5,67349923e-03;8,10814519e+02;
;6,85919262e-01;-4,60016594e+00;5,67351206e-03;8,10814519e+02;
;6,85919836e-01;-4,60017301e+00;5,67352076e-03;8,10814519e+02;
;6,85920644e-01;-4,60018295e+00;5,67353303e-03;8,10814519e+02;
;6,85922260e-01;-4,60020284e+00;5,67355756e-03;8,10814519e+02;
;6,85925491e-01;-4,60024262e+00;5,67360662e-03;8,10814519e+02;
;6,85931954e-01;-4,60032217e+00;5,67370473e-03;8,10814519e+02;
;6,85944881e-01;-4,60048125e+00;5,67390093e-03;8,10814519e+02;
;6,85970734e-01;-4,60079932e+00;5,67429322e-03;8,10814519e+02;
;6,86022440e-01;-4,60143510e+00;5,67507733e-03;8,10814519e+02;
;6,86125852e-01;-4,60270519e+00;5,67664378e-03;8,10814519e+02;
;6,86332675e-01;-4,60523955e+00;5,67976947e-03;8,10814519e+02;
;6,86746323e-01;-4,61028492e+00;5,68599207e-03;8,10814519e+02;
;6,87573617e-01;-4,62028222e+00;5,69832201e-03;8,10814519e+02;
;6,89228206e-01;-4,63990203e+00;5,72251967e-03;8,10814519e+02;
;6,91228206e-01;-4,66294804e+00;5,75094295e-03;8,10814519e+02;
;6,93228206e-01;-4,68525771e+00;5,77845809e-03;8,10814519e+02;
;6,95228206e-01;-4,70682753e+00;5,80506074e-03;8,10814519e+02;
;6,97228206e-01;-4,72765408e+00;5,83074670e-03;8,10814519e+02;
;6,99228206e-01;-4,74773408e+00;5,85551193e-03;8,10814519e+02;
;7,01228206e-01;-4,76706436e+00;5,87935250e-03;8,10814519e+02;
;7,03228206e-01;-4,78564187e+00;5,90226465e-03;8,10814519e+02;
;7,05228206e-01;-4,80346367e+00;5,92424477e-03;8,10814519e+02;
;7,07228206e-01;-4,82052694e+00;5,94528938e-03;8,10814519e+02;
;7,09228206e-01;-4,83682900e+00;5,96539516e-03;8,10814519e+02;
;7,11228206e-01;-4,85236727e+00;5,98455893e-03;8,10814519e+02;
;7,13228206e-01;-4,86713929e+00;6,00277767e-03;8,10814519e+02;
;7,15228206e-01;-4,88114273e+00;6,02004851e-03;8,10814519e+02;
;7,17228206e-01;-4,89437539e+00;6,03636871e-03;8,10814519e+02;
;7,19228206e-01;-4,90683516e+00;6,05173569e-03;8,10814519e+02;
;7,21228206e-01;-4,91852009e+00;6,06614704e-03;8,10814519e+02;
;7,23228206e-01;-4,92942833e+00;6,07960047e-03;8,10814519e+02;
;7,25228206e-01;-4,93955815e+00;6,09209387e-03;8,10814519e+02;
;7,27228206e-01;-4,94890797e+00;6,10362525e-03;8,10814519e+02;
;7,29228206e-01;-4,95747629e+00;6,11419279e-03;8,10814519e+02;
;7,31228206e-01;-4,96526176e+00;6,12379484e-03;8,10814519e+02;
;7,33228206e-01;-4,97226317e+00;6,13242987e-03;8,10814519e+02;
;7,35228206e-01;-4,97847940e+00;6,14009651e-03;8,10814519e+02;
;7,37228206e-01;-4,98390947e+00;6,14679357e-03;8,10814519e+02;
;7,39228206e-01;-4,98855252e+00;6,15251997e-03;8,10814519e+02;
;7,41228206e-01;-4,99240782e+00;6,15727482e-03;8,10814519e+02;
;7,43228206e-01;-4,99547476e+00;6,16105736e-03;8,10814519e+02;
;7,45228206e-01;-4,99775286e+00;6,16386701e-03;8,10814519e+02;
;7,47228206e-01;-4,99924175e+00;6,16570330e-03;8,10814519e+02;
;7,49228206e-01;-4,99994121e+00;6,16656596e-03;8,10814519e+02;
;7,51228206e-01;-4,99985112e+00;6,16645485e-03;8,10814519e+02;
;7,53228206e-01;-4,99897149e+00;6,16536998e-03;8,10814519e+02;
;7,55228206e-01;-4,99730247e+00;6,16331153e-03;8,10814519e+02;
;7,57228206e-01;-4,99484432e+00;6,16027982e-03;8,10814519e+02;
;7,59228206e-01;-4,99159742e+00;6,15627533e-03;8,10814519e+02;
;7,61228206e-01;-4,98756229e+00;6,15129870e-03;8,10814519e+02;
;7,63228206e-01;-4,98273957e+00;6,14535070e-03;8,10814519e+02;
;7,65228206e-01;-4,97713001e+00;6,13843228e-03;8,10814519e+02;
;7,67228206e-01;-4,97073451e+00;6,13054453e-03;8,10814519e+02;
;7,69228206e-01;-4,96355407e+00;6,12168870e-03;8,10814519e+02;
;7,71228206e-01;-4,95558983e+00;6,11186618e-03;8,10814519e+02;
;7,73228206e-01;-4,94684305e+00;6,10107853e-03;8,10814519e+02;
;7,75228206e-01;-4,93731510e+00;6,08932744e-03;8,10814519e+02;
;7,77228206e-01;-4,92700749e+00;6,07661478e-03;8,10814519e+02;
;7,79228206e-01;-4,91592185e+00;6,06294256e-03;8,10814519e+02;
;7,81228206e-01;-4,90405993e+00;6,04831292e-03;8,10814519e+02;
;7,83228206e-01;-4,89142360e+00;6,03272818e-03;8,10814519e+02;
;7,85228206e-01;-4,87801486e+00;6,01619081e-03;8,10814519e+02;
;7,87228206e-01;-4,86383582e+00;5,99870341e-03;8,10814519e+02;
;7,89228206e-01;-4,84888873e+00;5,98026875e-03;8,10814519e+02;
;7,91228206e-01;-4,83317594e+00;5,96088973e-03;8,10814519e+02;
;7,93228206e-01;-4,81669993e+00;5,94056942e-03;8,10814519e+02;
;7,95228206e-01;-4,79946332e+00;5,91931102e-03;8,10814519e+02;
;7,97228206e-01;-4,78146881e+00;5,89711790e-03;8,10814519e+02;
;7,99228206e-01;-4,76271925e+00;5,87399355e-03;8,10814519e+02;
;8,01228206e-01;-4,74321761e+00;5,84994163e-03;8,10814519e+02;
;8,03228206e-01;-4,72296696e+00;5,82496594e-03;8,10814519e+02;
;8,05228206e-01;-4,70197049e+00;5,79907042e-03;8,10814519e+02;
;8,07228206e-01;-4,68023153e+00;5,77225916e-03;8,10814519e+02;
;8,09228206e-01;-4,65775351e+00;5,74453639e-03;8,10814519e+02;
;8,11228206e-01;-4,63453997e+00;5,71590649e-03;8,10814519e+02;
;8,13228206e-01;-4,61059458e+00;5,68637398e-03;8,10814519e+02;
;8,15228206e-01;-4,58592113e+00;5,65594353e-03;8,10814519e+02;
;8,17228206e-01;-4,56052351e+00;5,62461995e-03;8,10814519e+02;
;8,19228206e-01;-4,53440573e+00;5,59240816e-03;8,10814519e+02;
;8,21228206e-01;-4,50757192e+00;5,55931328e-03;8,10814519e+02;
;8,23228206e-01;-4,48002630e+00;5,52534051e-03;8,10814519e+02;
;8,25228206e-01;-4,45177324e+00;5,49049522e-03;8,10814519e+02;
;8,27228206e-01;-4,42281719e+00;5,45478293e-03;8,10814519e+02;
;8,29228206e-01;-4,39316273e+00;5,41820926e-03;8,10814519e+02;
;8,31228206e-01;-4,36281454e+00;5,38077999e-03;8,10814519e+02;
;8,33228206e-01;-4,33177740e+00;5,34250103e-03;8,10814519e+02;
;8,35228206e-01;-4,30005623e+00;5,30337844e-03;8,10814519e+02;
;8,37228206e-01;-4,26765603e+00;5,26341837e-03;8,10814519e+02;
;8,39228206e-01;-4,23458192e+00;5,22262716e-03;8,10814519e+02;
;8,41228206e-01;-4,20083912e+00;5,18101122e-03;8,10814519e+02;
;8,43228206e-01;-4,16643296e+00;5,13857715e-03;8,10814519e+02;
;8,45228206e-01;-4,13136887e+00;5,09533164e-03;8,10814519e+02;
;8,47228206e-01;-4,09565239e+00;5,05128151e-03;8,10814519e+02;
;8,49228206e-01;-4,05928915e+00;5,00643373e-03;8,10814519e+02;
;8,51228206e-01;-4,02228491e+00;4,96079537e-03;8,10814519e+02;
;8,53228206e-01;-3,98464551e+00;4,91437365e-03;8,10814519e+02;
;8,55228206e-01;-3,94637688e+00;4,86717589e-03;8,10814519e+02;
;8,57228206e-01;-3,90748507e+00;4,81920955e-03;8,10814519e+02;
;8,59228206e-01;-3,86797623e+00;4,77048220e-03;8,10814519e+02;
;8,61228206e-01;-3,82785658e+00;4,72100153e-03;8,10814519e+02;
;8,63228206e-01;-3,78713248e+00;4,67077536e-03;8,10814519e+02;
;8,65228206e-01;-3,74581034e+00;4,61981163e-03;8,10814519e+02;
;8,67228206e-01;-3,70389670e+00;4,56811837e-03;8,10814519e+02;
;8,69228206e-01;-3,66139816e+00;4,51570375e-03;8,10814519e+02;
;8,71228206e-01;-3,61832145e+00;4,46257605e-03;8,10814519e+02;
;8,73228206e-01;-3,57467337e+00;4,40874366e-03;8,10814519e+02;
;8,75228206e-01;-3,53046080e+00;4,35421508e-03;8,10814519e+02;
;8,77228206e-01;-3,48569073e+00;4,29899891e-03;8,10814519e+02;
;8,79228206e-01;-3,44037023e+00;4,24310389e-03;8,10814519e+02;
;8,81228206e-01;-3,39450646e+00;4,18653882e-03;8,10814519e+02;
;8,83228206e-01;-3,34810666e+00;4,12931266e-03;8,10814519e+02;
;8,85228206e-01;-3,30117815e+00;4,07143443e-03;8,10814519e+02;
;8,87228206e-01;-3,25372834e+00;4,01291327e-03;8,10814519e+02;
;8,89228206e-01;-3,20576474e+00;3,95375843e-03;8,10814519e+02;
;8,91228206e-01;-3,15729490e+00;3,89397924e-03;8,10814519e+02;
;8,93228206e-01;-3,10832650e+00;3,83358515e-03;8,10814519e+02;
;8,95228206e-01;-3,05886725e+00;3,77258569e-03;8,10814519e+02;
;8,97228206e-01;-3,00892497e+00;3,71099049e-03;8,10814519e+02;
;8,99228206e-01;-2,95850755e+00;3,64880929e-03;8,10814519e+02;
;9,01228206e-01;-2,90762294e+00;3,58605190e-03;8,10814519e+02;
;9,03228206e-01;-2,85627919e+00;3,52272823e-03;8,10814519e+02;
;9,05228206e-01;-2,80448440e+00;3,45884828e-03;8,10814519e+02;
;9,07228206e-01;-2,75224675e+00;3,39442213e-03;8,10814519e+02;
;9,09228206e-01;-2,69957448e+00;3,32945997e-03;8,10814519e+02;
;9,11228206e-01;-2,64647592e+00;3,26397205e-03;8,10814519e+02;
;9,13228206e-01;-2,59295946e+00;3,19796871e-03;8,10814519e+02;
;9,15228206e-01;-2,53903353e+00;3,13146037e-03;8,10814519e+02;
;9,17228206e-01;-2,48470666e+00;3,06445754e-03;8,10814519e+02;
;9,19228206e-01;-2,42998743e+00;2,99697079e-03;8,10814519e+02;
;9,21228206e-01;-2,37488448e+00;2,92901079e-03;8,10814519e+02;
;9,23228206e-01;-2,31940650e+00;2,86058827e-03;8,10814519e+02;
;9,25228206e-01;-2,26356226e+00;2,79171402e-03;8,10814519e+02;
;9,27228206e-01;-2,20736058e+00;2,72239893e-03;8,10814519e+02;
;9,29228206e-01;-2,15081033e+00;2,65265394e-03;8,10814519e+02;
;9,31228206e-01;-2,09392044e+00;2,58249007e-03;8,10814519e+02;
;9,33228206e-01;-2,03669990e+00;2,51191839e-03;8,10814519e+02;
;9,35228206e-01;-1,97915774e+00;2,44095005e-03;8,10814519e+02;
;9,37228206e-01;-1,92130305e+00;2,36959626e-03;8,10814519e+02;
;9,39228206e-01;-1,86314496e+00;2,29786828e-03;8,10814519e+02;
;9,41228206e-01;-1,80469266e+00;2,22577744e-03;8,10814519e+02;
;9,43228206e-01;-1,74595538e+00;2,15333512e-03;8,10814519e+02;
;9,45228206e-01;-1,68694239e+00;2,08055277e-03;8,10814519e+02;
;9,47228206e-01;-1,62766301e+00;2,00744187e-03;8,10814519e+02;
;9,49228206e-01;-1,56812661e+00;1,93401398e-03;8,10814519e+02;
;9,51228206e-01;-1,50834258e+00;1,86028068e-03;8,10814519e+02;
;9,53228206e-01;-1,44832037e+00;1,78625362e-03;8,10814519e+02;
;9,55228206e-01;-1,38806945e+00;1,71194449e-03;8,10814519e+02;
;9,57228206e-01;-1,32759934e+00;1,63736503e-03;8,10814519e+02;
;9,59228206e-01;-1,26691958e+00;1,56252700e-03;8,10814519e+02;
;9,61228206e-01;-1,20603976e+00;1,48744224e-03;8,10814519e+02;
;9,63228206e-01;-1,14496950e+00;1,41212259e-03;8,10814519e+02;
;9,65228206e-01;-1,08371843e+00;1,33657995e-03;8,10814519e+02;
;9,67228206e-01;-1,02229623e+00;1,26082625e-03;8,10814519e+02;
;9,69228206e-01;-9,60712599e-01;1,18487345e-03;8,10814519e+02;
;9,71228206e-01;-8,98977259e-01;1,10873355e-03;8,10814519e+02;
;9,73228206e-01;-8,37099959e-01;1,03241856e-03;8,10814519e+02;
;9,75228206e-01;-7,75090473e-01;9,55940545e-04;8,10814519e+02;
;9,77228206e-01;-7,12958590e-01;8,79311573e-04;8,10814519e+02;
;9,79228206e-01;-6,50714123e-01;8,02543747e-04;8,10814520e+02;
;9,81228206e-01;-5,88366900e-01;7,25649190e-04;8,10814521e+02;
;9,83228206e-01;-5,25926768e-01;6,48640046e-04;8,10814521e+02;
;9,85228206e-01;-4,63403586e-01;5,71528474e-04;8,10814521e+02;
;9,87228206e-01;-4,00807227e-01;4,94326650e-04;8,10814522e+02;
;9,89228206e-01;-3,38147576e-01;4,17046765e-04;8,10814527e+02;
;9,91228206e-01;-2,75434527e-01;3,39701024e-04;8,10814531e+02;
;9,93228206e-01;-2,12677984e-01;2,62301643e-04;8,10814533e+02;
;9,95228206e-01;-1,49887857e-01;1,84860841e-04;8,10814535e+02;
;9,97228206e-01;-8,70740606e-02;1,07390847e-04;8,10814539e+02;
;9,99228206e-01;-2,42465143e-02;2,99038958e-05;8,10814547e+02;
;1,00122821e+00;3,85848608e-02;-4,75877760e-05;8,10814554e+02;
;1,00322821e+00;1,01410143e-01;-1,25071932e-04;8,10814559e+02;
;1,00522821e+00;1,64219411e-01;-2,02536337e-04;8,10814564e+02;
;1,00722821e+00;2,27002747e-01;-2,79968759e-04;8,10814566e+02;
;1,00922821e+00;2,89750237e-01;-3,57356971e-04;8,10814566e+02;
;1,01122821e+00;3,52451972e-01;-4,34688752e-04;8,10814566e+02;
;1,01322821e+00;4,15098050e-01;-5,11951891e-04;8,10814566e+02;
;1,01522821e+00;4,77678580e-01;-5,89134184e-04;8,10814571e+02;
;1,01722821e+00;5,40183679e-01;-6,66223445e-04;8,10814575e+02;
;1,01922821e+00;6,02603476e-01;-7,43207504e-04;8,10814575e+02;
;1,02122821e+00;6,64928116e-01;-8,20074202e-04;8,10814576e+02;
;1,02322821e+00;7,27147755e-01;-8,96811397e-04;8,10814580e+02;
;1,02522821e+00;7,89252570e-01;-9,73406970e-04;8,10814587e+02;
;1,02722821e+00;8,51232752e-01;-1,04984883e-03;8,10814594e+02;
;1,02922821e+00;9,13078515e-01;-1,12612491e-03;8,10814601e+02;
;1,03122821e+00;9,74780092e-01;-1,20222315e-03;8,10814606e+02;
;1,03322821e+00;1,03632774e+00;-1,27813156e-03;8,10814610e+02;
;1,03522821e+00;1,09771174e+00;-1,35383813e-03;8,10814612e+02;
;1,03722821e+00;1,15892240e+00;-1,42933093e-03;8,10814612e+02;
;1,03922821e+00;1,21995005e+00;-1,50459801e-03;8,10814612e+02;
;1,04122821e+00;1,28078506e+00;-1,57962749e-03;8,10814616e+02;
;1,04322821e+00;1,34141781e+00;-1,65440753e-03;8,10814620e+02;
;1,04522821e+00;1,40183874e+00;-1,72892632e-03;8,10814624e+02;
;1,04722821e+00;1,46203831e+00;-1,80317208e-03;8,10814634e+02;
;1,04922821e+00;1,52200700e+00;-1,87713310e-03;8,10814640e+02;
;1,05122821e+00;1,58173535e+00;-1,95079771e-03;8,10814642e+02;
;1,05322821e+00;1,64121392e+00;-2,02415427e-03;8,10814644e+02;
;1,05522821e+00;1,70043333e+00;-2,09719119e-03;8,10814644e+02;
;1,05722821e+00;1,75938422e+00;-2,16989693e-03;8,10814650e+02;
;1,05922821e+00;1,81805728e+00;-2,24226002e-03;8,10814656e+02;
;1,06122821e+00;1,87644325e+00;-2,31426903e-03;8,10814660e+02;
;1,06322821e+00;1,93453291e+00;-2,38591258e-03;8,10814668e+02;
;1,06522821e+00;1,99231708e+00;-2,45717936e-03;8,10814676e+02;
;1,06722821e+00;2,04978665e+00;-2,52805811e-03;8,10814688e+02;
;1,06922821e+00;2,10693252e+00;-2,59853765e-03;8,10814700e+02;
;1,07122821e+00;2,16374569e+00;-2,66860688e-03;8,10814704e+02;
;1,07322821e+00;2,22021718e+00;-2,73825471e-03;8,10814704e+02;
;1,07522821e+00;2,27633807e+00;-2,80747013e-03;8,10814708e+02;
;1,07722821e+00;2,33209950e+00;-2,87624217e-03;8,10814724e+02;
;1,07922821e+00;2,38749267e+00;-2,94456004e-03;8,10814736e+02;
;1,08122821e+00;2,44250882e+00;-3,01241295e-03;8,10814740e+02;
;1,08322821e+00;2,49713927e+00;-3,07979016e-03;8,10814744e+02;
;1,08522821e+00;2,55137539e+00;-3,14668106e-03;8,10814744e+02;
;1,08722821e+00;2,60520863e+00;-3,21307501e-03;8,10814756e+02;
;1,08922821e+00;2,65863046e+00;-3,27896158e-03;8,10814767e+02;
;1,09122821e+00;2,71163248e+00;-3,34433039e-03;8,10814771e+02;
;1,09322821e+00;2,76420629e+00;-3,40917107e-03;8,10814779e+02;
;1,09522821e+00;2,81634360e+00;-3,47347341e-03;8,10814787e+02;
;1,09722821e+00;2,86803618e+00;-3,53722723e-03;8,10814799e+02;
;1,09922821e+00;2,91927586e+00;-3,60042249e-03;8,10814807e+02;
;1,10122821e+00;2,97005456e+00;-3,66304922e-03;8,10814811e+02;
;1,10322821e+00;3,02036425e+00;-3,72509749e-03;8,10814819e+02;
;1,10522821e+00;3,07019699e+00;-3,78655753e-03;8,10814827e+02;
;1,10722821e+00;3,11954491e+00;-3,84741964e-03;8,10814831e+02;
;1,10922821e+00;3,16840021e+00;-3,90767421e-03;8,10814835e+02;
;1,11122821e+00;3,21675519e+00;-3,96731168e-03;8,10814843e+02;
;1,11322821e+00;3,26460221e+00;-4,02632267e-03;8,10814851e+02;
;1,11522821e+00;3,31193371e+00;-4,08469787e-03;8,10814855e+02;
;1,11722821e+00;3,35874222e+00;-4,14242803e-03;8,10814863e+02;
;1,11922821e+00;3,40502034e+00;-4,19950404e-03;8,10814875e+02;
;1,12122821e+00;3,45076077e+00;-4,25591687e-03;8,10814891e+02;
;1,12322821e+00;3,49595628e+00;-4,31165762e-03;8,10814911e+02;
;1,12522821e+00;3,54059974e+00;-4,36671750e-03;8,10814930e+02;
;1,12722821e+00;3,58468410e+00;-4,42108783e-03;8,10814950e+02;
;1,12922821e+00;3,62820240e+00;-4,47476003e-03;8,10814966e+02;
;1,13122821e+00;3,67114776e+00;-4,52772566e-03;8,10814974e+02;
;1,13322821e+00;3,71351341e+00;-4,57997631e-03;8,10814982e+02;
;1,13522821e+00;3,75529265e+00;-4,63150373e-03;8,10814990e+02;
;1,13722821e+00;3,79647888e+00;-4,68229978e-03;8,10814997e+02;
;1,13922821e+00;3,83706561e+00;-4,73235639e-03;8,10815013e+02;
;1,14122821e+00;3,87704641e+00;-4,78166571e-03;8,10815029e+02;
;1,14322821e+00;3,91641499e+00;-4,83021994e-03;8,10815045e+02;
;1,14522821e+00;3,95516512e+00;-4,87801142e-03;8,10815061e+02;
;1,14722821e+00;3,99329069e+00;-4,92503256e-03;8,10815084e+02;
;1,14922821e+00;4,03078567e+00;-4,97127603e-03;8,10815100e+02;
;1,15122821e+00;4,06764414e+00;-5,01673452e-03;8,10815108e+02;
;1,15322821e+00;4,10386028e+00;-5,06140076e-03;8,10815123e+02;
;1,15522821e+00;4,13942837e+00;-5,10526774e-03;8,10815139e+02;
;1,15722821e+00;4,17434280e+00;-5,14832855e-03;8,10815155e+02;
;1,15922821e+00;4,20859806e+00;-5,19057636e-03;8,10815171e+02;
;1,16122821e+00;4,24218873e+00;-5,23200453e-03;8,10815187e+02;
;1,16322821e+00;4,27510950e+00;-5,27260650e-03;8,10815202e+02;
;1,16522821e+00;4,30735519e+00;-5,31237586e-03;8,10815218e+02;
;1,16722821e+00;4,33892069e+00;-5,35130634e-03;8,10815234e+02;
;1,16922821e+00;4,36980104e+00;-5,38939178e-03;8,10815250e+02;
;1,17122821e+00;4,39999133e+00;-5,42662617e-03;8,10815265e+02;
;1,17322821e+00;4,42948682e+00;-5,46300363e-03;8,10815281e+02;
;1,17522821e+00;4,45828284e+00;-5,49851842e-03;8,10815297e+02;
;1,17722821e+00;4,48637485e+00;-5,53316493e-03;8,10815312e+02;
;1,17922821e+00;4,51375840e+00;-5,56693769e-03;8,10815328e+02;
;1,18122821e+00;4,54042919e+00;-5,59983136e-03;8,10815344e+02;
;1,18322821e+00;4,56638298e+00;-5,63184075e-03;8,10815360e+02;
;1,18522821e+00;4,59161569e+00;-5,66296081e-03;8,10815375e+02;
;1,18547821e+00;4,59471888e+00;-5,66678804e-03;8,10815377e+02;
;1,18554071e+00;4,59549290e+00;-5,66774266e-03;8,10815378e+02;
;1,18566571e+00;4,59703883e+00;-5,66964928e-03;8,10815379e+02;
;1,18569696e+00;4,59742487e+00;-5,67012539e-03;8,10815379e+02;
;1,18575946e+00;4,59819641e+00;-5,67107696e-03;8,10815380e+02;
;1,18588446e+00;4,59973737e+00;-5,67297746e-03;8,10815381e+02;
;1,18588836e+00;4,59978548e+00;-5,67303679e-03;8,10815381e+02;
;1,18589618e+00;4,59988169e+00;-5,67315545e-03;8,10815381e+02;
;1,18590655e+00;4,60000946e+00;-3,53418296e-03;1,30157649e+03;
;1,18591601e+00;4,60012595e+00;-5,96803732e-04;7,70793771e+03;
;1,18592603e+00;4,60024928e+00;-3,28180951e-04;1,40174173e+04;
;1,18593617e+00;4,60037400e+00;-3,28189849e-04;1,40174173e+04;
;1,18594709e+00;4,60050846e+00;-3,28199441e-04;1,40174173e+04;
;1,18595744e+00;4,60063584e+00;-3,28208528e-04;1,40174173e+04;
;1,18597815e+00;4,60089053e+00;-3,28226698e-04;1,40174173e+04;
;1,18601956e+00;4,60139968e+00;-3,28263021e-04;1,40174173e+04;
;1,18610238e+00;4,60241705e+00;-3,28335599e-04;1,40174173e+04;
;1,18626801e+00;4,60444804e+00;-3,28480490e-04;1,40174173e+04;
;1,18659929e+00;4,60849506e+00;-3,28769204e-04;1,40174173e+04;
;1,18726184e+00;4,61652920e+00;-3,29342358e-04;1,40174173e+04;
;1,18858693e+00;4,63235731e+00;-3,30471532e-04;1,40174173e+04;
;1,19058693e+00;4,65563865e+00;-3,32132419e-04;1,40174173e+04;
;1,19258693e+00;4,67818481e+00;-3,33740858e-04;1,40174173e+04;
;1,19458693e+00;4,69999223e+00;-3,35296595e-04;1,40174173e+04;
;1,19658693e+00;4,72105746e+00;-3,36799385e-04;1,40174173e+04;
;1,19858693e+00;4,74137719e+00;-3,38248991e-04;1,40174173e+04;
;1,20058693e+00;4,76094820e+00;-3,39645183e-04;1,40174173e+04;
;1,20258693e+00;4,77976740e+00;-3,40987741e-04;1,40174173e+04;
;1,20458693e+00;4,79783181e+00;-3,42276453e-04;1,40174173e+04;
;1,20658693e+00;4,81513860e+00;-3,43511116e-04;1,40174173e+04;
;1,20858693e+00;4,83168502e+00;-3,44691535e-04;1,40174173e+04;
;1,21058693e+00;4,84746846e+00;-3,45817523e-04;1,40174173e+04;
;1,21258693e+00;4,86248642e+00;-3,46888902e-04;1,40174173e+04;
;1,21458693e+00;4,87673655e+00;-3,47905503e-04;1,40174173e+04;
;1,21658693e+00;4,89021658e+00;-3,48867166e-04;1,40174173e+04;
;1,21858693e+00;4,90292439e+00;-3,49773739e-04;1,40174173e+04;
;1,22058693e+00;4,91485797e+00;-3,50625078e-04;1,40174173e+04;
;1,22258693e+00;4,92601544e+00;-3,51421050e-04;1,40174173e+04;
;1,22458693e+00;4,93639503e+00;-3,52161528e-04;1,40174173e+04;
;1,22658693e+00;4,94599511e+00;-3,52846396e-04;1,40174173e+04;
;1,22858693e+00;4,95481416e+00;-3,53475546e-04;1,40174173e+04;
;1,23058693e+00;4,96285079e+00;-3,54048877e-04;1,40174173e+04;
;1,23258693e+00;4,97010372e+00;-3,54566300e-04;1,40174173e+04;
;1,23458693e+00;4,97657182e+00;-3,55027733e-04;1,40174173e+04;
;1,23658693e+00;4,98225406e+00;-3,55433103e-04;1,40174173e+04;
;1,23858693e+00;4,98714955e+00;-3,55782346e-04;1,40174173e+04;
;1,24058693e+00;4,99125750e+00;-3,56075407e-04;1,40174173e+04;
;1,24258693e+00;4,99457728e+00;-3,56312239e-04;1,40174173e+04;
;1,24458693e+00;4,99710836e+00;-3,56492806e-04;1,40174173e+04;
;1,24658693e+00;4,99885033e+00;-3,56617078e-04;1,40174173e+04;
;1,24858693e+00;4,99980293e+00;-3,56685036e-04;1,40174173e+04;
;1,25058693e+00;4,99996600e+00;-3,56696670e-04;1,40174173e+04;
;1,25258693e+00;4,99933952e+00;-3,56651977e-04;1,40174173e+04;
;1,25458693e+00;4,99792358e+00;-3,56550964e-04;1,40174173e+04;
;1,25658693e+00;4,99571842e+00;-3,56393648e-04;1,40174173e+04;
;1,25858693e+00;4,99272437e+00;-3,56180053e-04;1,40174173e+04;
;1,26058693e+00;4,98894192e+00;-3,55910214e-04;1,40174173e+04;
;1,26258693e+00;4,98437165e+00;-3,55584172e-04;1,40174173e+04;
;1,26458693e+00;4,97901429e+00;-3,55201979e-04;1,40174173e+04;
;1,26658693e+00;4,97287069e+00;-3,54763695e-04;1,40174173e+04;
;1,26858693e+00;4,96594182e+00;-3,54269391e-04;1,40174173e+04;
;1,27058693e+00;4,95822876e+00;-3,53719143e-04;1,40174173e+04;
;1,27258693e+00;4,94973274e+00;-3,53113038e-04;1,40174173e+04;
;1,27458693e+00;4,94045511e+00;-3,52451173e-04;1,40174173e+04;
;1,27658693e+00;4,93039731e+00;-3,51733652e-04;1,40174173e+04;
;1,27858693e+00;4,91956096e+00;-3,50960588e-04;1,40174173e+04;
;1,28058693e+00;4,90794774e+00;-3,50132104e-04;1,40174173e+04;
;1,28258693e+00;4,89555950e+00;-3,49248329e-04;1,40174173e+04;
;1,28458693e+00;4,88239820e+00;-3,48309404e-04;1,40174173e+04;
;1,28658693e+00;4,86846591e+00;-3,47315477e-04;1,40174173e+04;
;1,28858693e+00;4,85376483e+00;-3,46266705e-04;1,40174173e+04;
;1,29058693e+00;4,83829729e+00;-3,45163253e-04;1,40174173e+04;
;1,29258693e+00;4,82206573e+00;-3,44005296e-04;1,40174173e+04;
;1,29458693e+00;4,80507270e+00;-3,42793017e-04;1,40174173e+04;
;1,29658693e+00;4,78732090e+00;-3,41526607e-04;1,40174173e+04;
;1,29858693e+00;4,76881312e+00;-3,40206265e-04;1,40174173e+04;
;1,30058693e+00;4,74955230e+00;-3,38832201e-04;1,40174173e+04;
;1,30258693e+00;4,72954146e+00;-3,37404632e-04;1,40174173e+04;
;1,30458693e+00;4,70878377e+00;-3,35923782e-04;1,40174173e+04;
;1,30658693e+00;4,68728252e+00;-3,34389887e-04;1,40174173e+04;
;1,30858693e+00;4,66504108e+00;-3,32803187e-04;1,40174173e+04;
;1,31058693e+00;4,64206298e+00;-3,31163933e-04;1,40174173e+04;
;1,31258693e+00;4,61835185e+00;-3,29472385e-04;1,40174173e+04;
;1,31458693e+00;4,59391143e+00;-3,27728810e-04;1,40174173e+04;
;1,31658693e+00;4,56874557e+00;-3,25933482e-04;1,40174173e+04;
;1,31858693e+00;4,54285826e+00;-3,24086686e-04;1,40174173e+04;
;1,32058693e+00;4,51625357e+00;-3,22188713e-04;1,40174173e+04;
;1,32258693e+00;4,48893572e+00;-3,20239862e-04;1,40174173e+04;
;1,32458693e+00;4,46090901e+00;-3,18240442e-04;1,40174173e+04;
;1,32658693e+00;4,43217787e+00;-3,16190768e-04;1,40174173e+04;
;1,32858693e+00;4,40274685e+00;-3,14091163e-04;1,40174173e+04;
;1,33058693e+00;4,37262057e+00;-3,11941960e-04;1,40174173e+04;
;1,33258693e+00;4,34180381e+00;-3,09743498e-04;1,40174173e+04;
;1,33458693e+00;4,31030143e+00;-3,07496124e-04;1,40174173e+04;
;1,33658693e+00;4,27811840e+00;-3,05200192e-04;1,40174173e+04;
;1,33858693e+00;4,24525980e+00;-3,02856066e-04;1,40174173e+04;
;1,34058693e+00;4,21173083e+00;-3,00464116e-04;1,40174173e+04;
;1,34258693e+00;4,17753678e+00;-2,98024718e-04;1,40174173e+04;
;1,34458693e+00;4,14268305e+00;-2,95538259e-04;1,40174173e+04;
;1,34658693e+00;4,10717514e+00;-2,93005131e-04;1,40174173e+04;
;1,34858693e+00;4,07101866e+00;-2,90425735e-04;1,40174173e+04;
;1,35058693e+00;4,03421932e+00;-2,87800476e-04;1,40174173e+04;
;1,35258693e+00;3,99678293e+00;-2,85129771e-04;1,40174173e+04;
;1,35458693e+00;3,95871540e+00;-2,82414040e-04;1,40174173e+04;
;1,35658693e+00;3,92002274e+00;-2,79653713e-04;1,40174173e+04;
;1,35858693e+00;3,88071107e+00;-2,76849225e-04;1,40174173e+04;
;1,36058693e+00;3,84078658e+00;-2,74001020e-04;1,40174173e+04;
;1,36258693e+00;3,80025560e+00;-2,71109547e-04;1,40174173e+04;
;1,36458693e+00;3,75912450e+00;-2,68175262e-04;1,40174173e+04;
;1,36658693e+00;3,71739980e+00;-2,65198629e-04;1,40174173e+04;
;1,36858693e+00;3,67508808e+00;-2,62180119e-04;1,40174173e+04;
;1,37058693e+00;3,63219602e+00;-2,59120207e-04;1,40174173e+04;
;1,37258693e+00;3,58873039e+00;-2,56019377e-04;1,40174173e+04;
;1,37458693e+00;3,54469806e+00;-2,52878118e-04;1,40174173e+04;
;1,37658693e+00;3,50010598e+00;-2,49696928e-04;1,40174173e+04;
;1,37858693e+00;3,45496120e+00;-2,46476307e-04;1,40174173e+04;
;1,38058693e+00;3,40927083e+00;-2,43216764e-04;1,40174173e+04;
;1,38258693e+00;3,36304211e+00;-2,39918815e-04;1,40174173e+04;
;1,38458693e+00;3,31628232e+00;-2,36582980e-04;1,40174173e+04;
;1,38658693e+00;3,26899885e+00;-2,33209786e-04;1,40174173e+04;
;1,38858693e+00;3,22119916e+00;-2,29799766e-04;1,40174173e+04;
;1,39058693e+00;3,17289082e+00;-2,26353457e-04;1,40174173e+04;
;1,39258693e+00;3,12408143e+00;-2,22871404e-04;1,40174173e+04;
;1,39458693e+00;3,07477872e+00;-2,19354158e-04;1,40174173e+04;
;1,39658693e+00;3,02499047e+00;-2,15802272e-04;1,40174173e+04;
;1,39858693e+00;2,97472453e+00;-2,12216310e-04;1,40174173e+04;
;1,40058693e+00;2,92398885e+00;-2,08596835e-04;1,40174173e+04;
;1,40258693e+00;2,87279144e+00;-2,04944421e-04;1,40174173e+04;
;1,40458693e+00;2,82114038e+00;-2,01259644e-04;1,40174173e+04;
;1,40658693e+00;2,76904383e+00;-1,97543086e-04;1,40174173e+04;
;1,40858693e+00;2,71651001e+00;-1,93795333e-04;1,40174173e+04;
;1,41058693e+00;2,66354723e+00;-1,90016978e-04;1,40174173e+04;
;1,41258693e+00;2,61016384e+00;-1,86208616e-04;1,40174173e+04;
;1,41458693e+00;2,55636828e+00;-1,82370851e-04;1,40174173e+04;
;1,41658693e+00;2,50216904e+00;-1,78504287e-04;1,40174173e+04;
;1,41858693e+00;2,44757468e+00;-1,74609534e-04;1,40174173e+04;
;1,42058693e+00;2,39259381e+00;-1,70687210e-04;1,40174173e+04;
;1,42258693e+00;2,33723513e+00;-1,66737931e-04;1,40174173e+04;
;1,42458693e+00;2,28150737e+00;-1,62762323e-04;1,40174173e+04;
;1,42658693e+00;2,22541933e+00;-1,58761013e-04;1,40174173e+04;
;1,42858693e+00;2,16897988e+00;-1,54734632e-04;1,40174173e+04;
;1,43058693e+00;2,11219792e+00;-1,50683817e-04;1,40174173e+04;
;1,43258693e+00;2,05508241e+00;-1,46609207e-04;1,40174173e+04;
;1,43458693e+00;1,99764239e+00;-1,42511447e-04;1,40174173e+04;
;1,43658693e+00;1,93988691e+00;-1,38391181e-04;1,40174173e+04;
;1,43858693e+00;1,88182511e+00;-1,34249063e-04;1,40174173e+04;
;1,44058693e+00;1,82346614e+00;-1,30085744e-04;1,40174173e+04;
;1,44258693e+00;1,76481923e+00;-1,25901884e-04;1,40174173e+04;
;1,44458693e+00;1,70589363e+00;-1,21698143e-04;1,40174173e+04;
;1,44658693e+00;1,64669865e+00;-1,17475183e-04;1,40174173e+04;
;1,44858693e+00;1,58724363e+00;-1,13233674e-04;1,40174173e+04;
;1,45058693e+00;1,52753798e+00;-1,08974283e-04;1,40174173e+04;
;1,45258693e+00;1,46759110e+00;-1,04697684e-04;1,40174173e+04;
;1,45458693e+00;1,40741248e+00;-1,00404552e-04;1,40174173e+04;
;1,45658693e+00;1,34701161e+00;-9,60955646e-05;1,40174173e+04;
;1,45858693e+00;1,28639803e+00;-9,17714029e-05;1,40174173e+04;
;1,46058693e+00;1,22558132e+00;-8,74327495e-05;1,40174173e+04;
;1,46258693e+00;1,16457107e+00;-8,30802894e-05;1,40174173e+04;
;1,46458693e+00;1,10337692e+00;-7,87147099e-05;1,40174173e+04;
;1,46658693e+00;1,04200854e+00;-7,43367005e-05;1,40174173e+04;
;1,46858693e+00;9,80475608e-01;-6,99469525e-05;1,40174173e+04;
;1,47058693e+00;9,18787851e-01;-6,55461590e-05;1,40174173e+04;
;1,47258693e+00;8,56955006e-01;-6,11350151e-05;1,40174173e+04;
;1,47458693e+00;7,94986838e-01;-5,67142172e-05;1,40174173e+04;
;1,47658693e+00;7,32893132e-01;-5,22844634e-05;1,40174173e+04;
;1,47858693e+00;6,70683694e-01;-4,78464534e-05;1,40174173e+04;
;1,48058693e+00;6,08368347e-01;-4,34008878e-05;1,40174173e+04;
;1,48258693e+00;5,45956932e-01;-3,89484688e-05;1,40174173e+04;
;1,48458693e+00;4,83459304e-01;-3,44898993e-05;1,40174173e+04;
;1,48658693e+00;4,20885332e-01;-3,00258834e-05;1,40174173e+04;
;1,48858693e+00;3,58244898e-01;-2,55571262e-05;1,40174173e+04;
;1,49058693e+00;2,95547892e-01;-2,10843331e-05;1,40174173e+04;
;1,49258693e+00;2,32804216e-01;-1,66082106e-05;1,40174173e+04;
;1,49458693e+00;1,70023777e-01;-1,21294655e-05;1,40174173e+04;
;1,49658693e+00;1,07216490e-01;-7,64880501e-06;1,40174173e+04;
;1,49858693e+00;4,43922721e-02;-3,16693667e-06;1,40174173e+04;
;1,50058693e+00;-1,84389559e-02;1,31543178e-06;1,40174173e+04;
;1,50258693e+00;-8,12672722e-02;5,79759251e-06;1,40174173e+04;
;1,50458693e+00;-1,44082755e-01;1,02788377e-05;1,40174173e+04;
;1,50658693e+00;-2,06875486e-01;1,47584598e-05;1,40174173e+04;
;1,50858693e+00;-2,69635549e-01;1,92357514e-05;1,40174173e+04;
;1,51058693e+00;-3,32353034e-01;2,37100054e-05;1,40174173e+04;
;1,51258693e+00;-3,95018036e-01;2,81805153e-05;1,40174173e+04;
;1,51458693e+00;-4,57620660e-01;3,26465751e-05;1,40174173e+04;
;1,51658693e+00;-5,20151020e-01;3,71074798e-05;1,40174173e+04;
;1,51858693e+00;-5,82599242e-01;4,15625247e-05;1,40174173e+04;
;1,52058693e+00;-6,44955466e-01;4,60110064e-05;1,40174173e+04;
;1,52258693e+00;-7,07209843e-01;5,04522224e-05;1,40174173e+04;
;1,52458693e+00;-7,69352544e-01;5,48854715e-05;1,40174173e+04;
;1,52658693e+00;-8,31373755e-01;5,93100535e-05;1,40174172e+04;
;1,52858693e+00;-8,93263682e-01;6,37252697e-05;1,40174172e+04;
;1,53058693e+00;-9,55012553e-01;6,81304230e-05;1,40174172e+04;
;1,53258693e+00;-1,01661062e+00;7,25248178e-05;1,40174172e+04;
;1,53458693e+00;-1,07804815e+00;7,69077600e-05;1,40174172e+04;
;1,53658693e+00;-1,13931544e+00;8,12785576e-05;1,40174172e+04;
;1,53858693e+00;-1,20040282e+00;8,56365203e-05;1,40174172e+04;
;1,54058693e+00;-1,26130064e+00;8,99809601e-05;1,40174172e+04;
;1,54258693e+00;-1,32199929e+00;9,43111908e-05;1,40174172e+04;
;1,54458693e+00;-1,38248918e+00;9,86265288e-05;1,40174172e+04;
;1,54658693e+00;-1,44276076e+00;1,02926292e-04;1,40174172e+04;
;1,54858693e+00;-1,50280451e+00;1,07209803e-04;1,40174172e+04;
;1,55058693e+00;-1,56261095e+00;1,11476384e-04;1,40174172e+04;
;1,55258693e+00;-1,62217064e+00;1,15725361e-04;1,40174172e+04;
;1,55458693e+00;-1,68147417e+00;1,19956064e-04;1,40174172e+04;
;1,55658693e+00;-1,74051217e+00;1,24167824e-04;1,40174172e+04;
;1,55858693e+00;-1,79927533e+00;1,28359977e-04;1,40174172e+04;
;1,56058693e+00;-1,85775435e+00;1,32531861e-04;1,40174172e+04;
;1,56258693e+00;-1,91594002e+00;1,36682816e-04;1,40174172e+04;
;1,56458693e+00;-1,97382314e+00;1,40812187e-04;1,40174172e+04;
;1,56658693e+00;-2,03139457e+00;1,44919323e-04;1,40174172e+04;
;1,56858693e+00;-2,08864522e+00;1,49003574e-04;1,40174172e+04;
;1,57058693e+00;-2,14556605e+00;1,53064295e-04;1,40174172e+04;
;1,57258693e+00;-2,20214807e+00;1,57100846e-04;1,40174171e+04;
;1,57458693e+00;-2,25838234e+00;1,61112589e-04;1,40174171e+04;
;1,57658693e+00;-2,31425999e+00;1,65098891e-04;1,40174171e+04;
;1,57858693e+00;-2,36977219e+00;1,69059121e-04;1,40174171e+04;
;1,58058693e+00;-2,42491017e+00;1,72992655e-04;1,40174171e+04;
;1,58258693e+00;-2,47966524e+00;1,76898872e-04;1,40174171e+04;
;1,58458693e+00;-2,53402873e+00;1,80777154e-04;1,40174171e+04;
;1,58658693e+00;-2,58799207e+00;1,84626889e-04;1,40174171e+04;
;1,58858693e+00;-2,64154674e+00;1,88447470e-04;1,40174171e+04;
;1,59058693e+00;-2,69468428e+00;1,92238293e-04;1,40174171e+04;
;1,59258693e+00;-2,74739630e+00;1,95998758e-04;1,40174170e+04;
;1,59458693e+00;-2,79967447e+00;1,99728274e-04;1,40174170e+04;
;1,59658693e+00;-2,85151054e+00;2,03426250e-04;1,40174170e+04;
;1,59858693e+00;-2,90289632e+00;2,07092103e-04;1,40174170e+04;
;1,60058693e+00;-2,95382371e+00;2,10725254e-04;1,40174170e+04;
;1,60258693e+00;-3,00428465e+00;2,14325128e-04;1,40174170e+04;
;1,60458693e+00;-3,05427117e+00;2,17891158e-04;1,40174170e+04;
;1,60658693e+00;-3,10377540e+00;2,21422781e-04;1,40174170e+04;
;1,60858693e+00;-3,15278950e+00;2,24919438e-04;1,40174169e+04;
;1,61058693e+00;-3,20130574e+00;2,28380578e-04;1,40174169e+04;
;1,61258693e+00;-3,24931645e+00;2,31805654e-04;1,40174169e+04;
;1,61458693e+00;-3,29681406e+00;2,35194125e-04;1,40174169e+04;
;1,61658693e+00;-3,34379107e+00;2,38545457e-04;1,40174169e+04;
;1,61858693e+00;-3,39024005e+00;2,41859119e-04;1,40174169e+04;
;1,62058693e+00;-3,43615368e+00;2,45134589e-04;1,40174169e+04;
;1,62258693e+00;-3,48152469e+00;2,48371349e-04;1,40174169e+04;
;1,62458693e+00;-3,52634593e+00;2,51568889e-04;1,40174168e+04;
;1,62658693e+00;-3,57061033e+00;2,54726703e-04;1,40174168e+04;
;1,62858693e+00;-3,61431088e+00;2,57844293e-04;1,40174168e+04;
;1,63058693e+00;-3,65744069e+00;2,60921167e-04;1,40174168e+04;
;1,63258693e+00;-3,69999294e+00;2,63956838e-04;1,40174167e+04;
;1,63458693e+00;-3,74196093e+00;2,66950826e-04;1,40174167e+04;
;1,63658693e+00;-3,78333802e+00;2,69902661e-04;1,40174167e+04;
;1,63858693e+00;-3,82411767e+00;2,72811874e-04;1,40174167e+04;
;1,64058693e+00;-3,86429345e+00;2,75678007e-04;1,40174167e+04;
;1,64258693e+00;-3,90385901e+00;2,78500607e-04;1,40174167e+04;
;1,64458693e+00;-3,94280811e+00;2,81279229e-04;1,40174167e+04;
;1,64658693e+00;-3,98113460e+00;2,84013435e-04;1,40174167e+04;
;1,64858693e+00;-4,01883241e+00;2,86702791e-04;1,40174166e+04;
;1,65058693e+00;-4,05589561e+00;2,89346873e-04;1,40174166e+04;
;1,65258693e+00;-4,09231834e+00;2,91945264e-04;1,40174166e+04;
;1,65458693e+00;-4,12809484e+00;2,94497554e-04;1,40174166e+04;
;1,65658693e+00;-4,16321946e+00;2,97003338e-04;1,40174166e+04;
;1,65858693e+00;-4,19768667e+00;2,99462223e-04;1,40174166e+04;
;1,66058693e+00;-4,23149101e+00;3,01873819e-04;1,40174165e+04;
;1,66258693e+00;-4,26462715e+00;3,04237746e-04;1,40174165e+04;
;1,66458693e+00;-4,29708985e+00;3,06553630e-04;1,40174165e+04;
;1,66658693e+00;-4,32887400e+00;3,08821106e-04;1,40174165e+04;
;1,66858693e+00;-4,35997457e+00;3,11039816e-04;1,40174164e+04;
;1,67058693e+00;-4,39038664e+00;3,13209408e-04;1,40174164e+04;
;1,67258693e+00;-4,42010542e+00;3,15329541e-04;1,40174164e+04;
;1,67458693e+00;-4,44912622e+00;3,17399880e-04;1,40174164e+04;
;1,67658693e+00;-4,47744445e+00;3,19420098e-04;1,40174164e+04;
;1,67858693e+00;-4,50505564e+00;3,21389875e-04;1,40174164e+04;
;1,68058693e+00;-4,53195542e+00;3,23308902e-04;1,40174163e+04;
;1,68258693e+00;-4,55813956e+00;3,25176874e-04;1,40174163e+04;
;1,68458693e+00;-4,58360392e+00;3,26993497e-04;1,40174163e+04;
;1,68483693e+00;-4,58673615e+00;3,27216950e-04;1,40174163e+04;
;1,68533693e+00;-4,59296666e+00;3,27661434e-04;1,40174163e+04;
;1,68546193e+00;-4,59451721e+00;3,27772050e-04;1,40174163e+04;
;1,68571193e+00;-4,59760979e+00;3,27992674e-04;1,40174163e+04;
;1,68577443e+00;-4,59838117e+00;3,28047704e-04;1,40174163e+04;
;1,68589943e+00;-4,59992179e+00;3,28157612e-04;1,40174163e+04;
;1,68590334e+00;-4,59996989e+00;3,28161043e-04;1,40174163e+04;
;1,68591115e+00;-4,60006608e+00;4,02238463e-04;1,14361667e+04;
;1,68591255e+00;-4,60008334e+00;4,48028345e-04;1,02673937e+04;
;1,68591536e+00;-4,60011787e+00;6,17826717e-04;7,44564419e+03;
;1,68591606e+00;-4,60012650e+00;7,01385049e-04;6,55863215e+03;
;1,68591746e+00;-4,60014377e+00;9,86401280e-04;4,66356227e+03;
;1,68591781e+00;-4,60014808e+00;1,10996646e-03;4,14440281e+03;
;1,68591851e+00;-4,60015672e+00;1,49558561e-03;3,07582307e+03;
;1,68591869e+00;-4,60015887e+00;1,64448181e-03;2,79733035e+03;
;1,68591904e+00;-4,60016319e+00;2,06028522e-03;2,23277978e+03;
;1,68591974e+00;-4,60017182e+00;4,34680480e-03;1,05828811e+03;
;1,68592037e+00;-4,60017952e+00;8,83445813e-03;5,20708736e+02;
;1,68592096e+00;-4,60018689e+00;8,83447227e-03;5,20708736e+02;
;1,68592132e+00;-4,60019126e+00;8,83448066e-03;5,20708736e+02;
;1,68592185e+00;-4,60019774e+00;8,83449311e-03;5,20708736e+02;
;1,68592290e+00;-4,60021070e+00;8,83451800e-03;5,20708736e+02;
;1,68592500e+00;-4,60023662e+00;8,83456778e-03;5,20708736e+02;
;1,68592922e+00;-4,60028846e+00;8,83466733e-03;5,20708736e+02;
;1,68593764e+00;-4,60039213e+00;8,83486642e-03;5,20708736e+02;
;1,68595448e+00;-4,60059942e+00;8,83526452e-03;5,20708736e+02;
;1,68598818e+00;-4,60101386e+00;8,83606043e-03;5,20708736e+02;
;1,68605556e+00;-4,60184211e+00;8,83765106e-03;5,20708736e+02;
;1,68619033e+00;-4,60349615e+00;8,84082757e-03;5,20708736e+02;
;1,68645987e+00;-4,60679431e+00;8,84716157e-03;5,20708736e+02;
;1,68699895e+00;-4,61335100e+00;8,85975341e-03;5,20708736e+02;
;1,68807711e+00;-4,62630551e+00;8,88463203e-03;5,20708736e+02;
;1,69007711e+00;-4,64977367e+00;8,92970167e-03;5,20708736e+02;
;1,69207711e+00;-4,67250758e+00;8,97336122e-03;5,20708736e+02;
;1,69407711e+00;-4,69450364e+00;9,01560376e-03;5,20708736e+02;
;1,69607711e+00;-4,71575839e+00;9,05642264e-03;5,20708736e+02;
;1,69807711e+00;-4,73626846e+00;9,09581141e-03;5,20708736e+02;
;1,70007711e+00;-4,75603062e+00;9,13376384e-03;5,20708736e+02;
;1,70207711e+00;-4,77504175e+00;9,17027394e-03;5,20708736e+02;
;1,70407711e+00;-4,79329885e+00;9,20533595e-03;5,20708736e+02;
;1,70607711e+00;-4,81079902e+00;9,23894433e-03;5,20708736e+02;
;1,70807711e+00;-4,82753952e+00;9,27109377e-03;5,20708736e+02;
;1,71007711e+00;-4,84351769e+00;9,30177921e-03;5,20708736e+02;
;1,71207711e+00;-4,85873102e+00;9,33099578e-03;5,20708736e+02;
;1,71407711e+00;-4,87317709e+00;9,35873888e-03;5,20708736e+02;
;1,71607711e+00;-4,88685363e+00;9,38500413e-03;5,20708736e+02;
;1,71807711e+00;-4,89975849e+00;9,40978737e-03;5,20708736e+02;
;1,72007711e+00;-4,91188961e+00;9,43308470e-03;5,20708736e+02;
;1,72207711e+00;-4,92324509e+00;9,45489244e-03;5,20708736e+02;
;1,72407711e+00;-4,93382313e+00;9,47520714e-03;5,20708736e+02;
;1,72607711e+00;-4,94362207e+00;9,49402560e-03;5,20708736e+02;
;1,72807711e+00;-4,95264035e+00;9,51134484e-03;5,20708736e+02;
;1,73007711e+00;-4,96087655e+00;9,52716212e-03;5,20708736e+02;
;1,73207711e+00;-4,96832937e+00;9,54147496e-03;5,20708736e+02;
;1,73407711e+00;-4,97499763e+00;9,55428109e-03;5,20708736e+02;
;1,73607711e+00;-4,98088028e+00;9,56557849e-03;5,20708736e+02;
;1,73807711e+00;-4,98597640e+00;9,57536537e-03;5,20708736e+02;
;1,74007711e+00;-4,99028517e+00;9,58364019e-03;5,20708736e+02;
;1,74207711e+00;-4,99380591e+00;9,59040164e-03;5,20708736e+02;
;1,74407711e+00;-4,99653808e+00;9,59564866e-03;5,20708736e+02;
;1,74607711e+00;-4,99848124e+00;9,59938041e-03;5,20708736e+02;
;1,74807711e+00;-4,99963508e+00;9,60159631e-03;5,20708736e+02;
;1,75007711e+00;-4,99999941e+00;9,60229600e-03;5,20708736e+02;
;1,75207711e+00;-4,99957419e+00;9,60147938e-03;5,20708736e+02;
;1,75407711e+00;-4,99835948e+00;9,59914658e-03;5,20708736e+02;
;1,75607711e+00;-4,99635547e+00;9,59529796e-03;5,20708736e+02;
;1,75807711e+00;-4,99356248e+00;9,58993413e-03;5,20708736e+02;
;1,76007711e+00;-4,98998095e+00;9,58305594e-03;5,20708736e+02;
;1,76207711e+00;-4,98561144e+00;9,57466448e-03;5,20708736e+02;
;1,76407711e+00;-4,98045464e+00;9,56476106e-03;5,20708736e+02;
;1,76607711e+00;-4,97451137e+00;9,55334726e-03;5,20708736e+02;
;1,76807711e+00;-4,96778257e+00;9,54042487e-03;5,20708736e+02;
;1,77007711e+00;-4,96026930e+00;9,52599594e-03;5,20708736e+02;
;1,77207711e+00;-4,95197275e+00;9,51006274e-03;5,20708736e+02;
;1,77407711e+00;-4,94289422e+00;9,49262780e-03;5,20708736e+02;
;1,77607711e+00;-4,93303515e+00;9,47369386e-03;5,20708736e+02;
;1,77807711e+00;-4,92239710e+00;9,45326391e-03;5,20708736e+02;
;1,78007711e+00;-4,91098174e+00;9,43134118e-03;5,20708736e+02;
;1,78207711e+00;-4,89879089e+00;9,40792913e-03;5,20708736e+02;
;1,78407711e+00;-4,88582645e+00;9,38303147e-03;5,20708736e+02;
;1,78607711e+00;-4,87209049e+00;9,35665211e-03;5,20708736e+02;
;1,78807711e+00;-4,85758517e+00;9,32879523e-03;5,20708736e+02;
;1,79007711e+00;-4,84231278e+00;9,29946523e-03;5,20708736e+02;
;1,79207711e+00;-4,82627574e+00;9,26866673e-03;5,20708736e+02;
;1,79407711e+00;-4,80947656e+00;9,23640460e-03;5,20708736e+02;
;1,79607711e+00;-4,79191792e+00;9,20268394e-03;5,20708736e+02;
;1,79807711e+00;-4,77360258e+00;9,16751006e-03;5,20708736e+02;
;1,80007711e+00;-4,75453343e+00;9,13088853e-03;5,20708736e+02;
;1,80207711e+00;-4,73471348e+00;9,09282513e-03;5,20708736e+02;
;1,80407711e+00;-4,71414587e+00;9,05332586e-03;5,20708736e+02;
;1,80607711e+00;-4,69283384e+00;9,01239697e-03;5,20708736e+02;
;1,80807711e+00;-4,67078075e+00;8,97004492e-03;5,20708736e+02;
;1,81007711e+00;-4,64799010e+00;8,92627639e-03;5,20708736e+02;
;1,81207711e+00;-4,62446547e+00;8,88109831e-03;5,20708736e+02;
;1,81407711e+00;-4,60021059e+00;8,83451779e-03;5,20708736e+02;
;1,81607711e+00;-4,57522928e+00;8,78654220e-03;5,20708736e+02;
;1,81807711e+00;-4,54952549e+00;8,73717911e-03;5,20708736e+02;
;1,82007711e+00;-4,52310328e+00;8,68643632e-03;5,20708736e+02;
;1,82207711e+00;-4,49596681e+00;8,63432184e-03;5,20708736e+02;
;1,82407711e+00;-4,46812038e+00;8,58084390e-03;5,20708736e+02;
;1,82607711e+00;-4,43956838e+00;8,52601095e-03;5,20708736e+02;
;1,82807711e+00;-4,41031533e+00;8,46983164e-03;5,20708736e+02;
;1,83007711e+00;-4,38036583e+00;8,41231485e-03;5,20708736e+02;
;1,83207711e+00;-4,34972462e+00;8,35346966e-03;5,20708736e+02;
;1,83407711e+00;-4,31839655e+00;8,29330535e-03;5,20708736e+02;
;1,83607711e+00;-4,28638654e+00;8,23183144e-03;5,20708736e+02;
;1,83807711e+00;-4,25369967e+00;8,16905762e-03;5,20708736e+02;
;1,84007711e+00;-4,22034108e+00;8,10499382e-03;5,20708736e+02;
;1,84207711e+00;-4,18631606e+00;8,03965014e-03;5,20708736e+02;
;1,84407711e+00;-4,15162997e+00;7,97303691e-03;5,20708736e+02;
;1,84607711e+00;-4,11628829e+00;7,90516464e-03;5,20708736e+02;
;1,84807711e+00;-4,08029660e+00;7,83604406e-03;5,20708736e+02;
;1,85007711e+00;-4,04366058e+00;7,76568608e-03;5,20708736e+02;
;1,85207711e+00;-4,00638602e+00;7,69410180e-03;5,20708736e+02;
;1,85407711e+00;-3,96847881e+00;7,62130253e-03;5,20708736e+02;
;1,85607711e+00;-3,92994493e+00;7,54729978e-03;5,20708736e+02;
;1,85807711e+00;-3,89079046e+00;7,47210521e-03;5,20708736e+02;
;1,86007711e+00;-3,85102159e+00;7,39573072e-03;5,20708736e+02;
;1,86207711e+00;-3,81064461e+00;7,31818835e-03;5,20708736e+02;
;1,86407711e+00;-3,76966587e+00;7,23949036e-03;5,20708736e+02;
;1,86607711e+00;-3,72809187e+00;7,15964917e-03;5,20708736e+02;
;1,86807711e+00;-3,68592915e+00;7,07867738e-03;5,20708736e+02;
;1,87007711e+00;-3,64318439e+00;6,99658779e-03;5,20708736e+02;
;1,87207711e+00;-3,59986432e+00;6,91339336e-03;5,20708736e+02;
;1,87407711e+00;-3,55597579e+00;6,82910722e-03;5,20708736e+02;
;1,87607711e+00;-3,51152573e+00;6,74374269e-03;5,20708736e+02;
;1,87807711e+00;-3,46652116e+00;6,65731325e-03;5,20708736e+02;
;1,88007711e+00;-3,42096919e+00;6,56983253e-03;5,20708736e+02;
;1,88207711e+00;-3,37487701e+00;6,48131436e-03;5,20708736e+02;
;1,88407711e+00;-3,32825189e+00;6,39177272e-03;5,20708736e+02;
;1,88607711e+00;-3,28110121e+00;6,30122175e-03;5,20708736e+02;
;1,88807711e+00;-3,23343240e+00;6,20967573e-03;5,20708736e+02;
;1,89007711e+00;-3,18525300e+00;6,11714914e-03;5,20708736e+02;
;1,89207711e+00;-3,13657060e+00;6,02365658e-03;5,20708736e+02;
;1,89407711e+00;-3,08739291e+00;5,92921281e-03;5,20708736e+02;
;1,89607711e+00;-3,03772768e+00;5,83383276e-03;5,20708736e+02;
;1,89807711e+00;-2,98758276e+00;5,73753147e-03;5,20708736e+02;
;1,90007711e+00;-2,93696606e+00;5,64032416e-03;5,20708736e+02;
;1,90207711e+00;-2,88588559e+00;5,54222618e-03;5,20708736e+02;
;1,90407711e+00;-2,83434939e+00;5,44325301e-03;5,20708736e+02;
;1,90607711e+00;-2,78236563e+00;5,34342029e-03;5,20708736e+02;
;1,90807711e+00;-2,72994249e+00;5,24274379e-03;5,20708736e+02;
;1,91007711e+00;-2,67708827e+00;5,14123939e-03;5,20708736e+02;
;1,91207711e+00;-2,62381130e+00;5,03892314e-03;5,20708736e+02;
;1,91407711e+00;-2,57012000e+00;4,93581118e-03;5,20708736e+02;
;1,91607711e+00;-2,51602285e+00;4,83191979e-03;5,20708736e+02;
;1,91807711e+00;-2,46152839e+00;4,72726539e-03;5,20708736e+02;
;1,92007711e+00;-2,40664522e+00;4,62186450e-03;5,20708736e+02;
;1,92207711e+00;-2,35138202e+00;4,51573377e-03;5,20708736e+02;
;1,92407711e+00;-2,29574751e+00;4,40888995e-03;5,20708736e+02;
;1,92607711e+00;-2,23975047e+00;4,30134991e-03;5,20708736e+02;
;1,92807711e+00;-2,18339976e+00;4,19313064e-03;5,20708736e+02;
;1,93007711e+00;-2,12670425e+00;4,08424923e-03;5,20708736e+02;
;1,93207711e+00;-2,06967292e+00;3,97472286e-03;5,20708736e+02;
;1,93407711e+00;-2,01231476e+00;3,86456885e-03;5,20708736e+02;
;1,93607711e+00;-1,95463883e+00;3,75380457e-03;5,20708736e+02;
;1,93807711e+00;-1,89665424e+00;3,64244752e-03;5,20708736e+02;
;1,94007711e+00;-1,83837015e+00;3,53051529e-03;5,20708736e+02;
;1,94207711e+00;-1,77979576e+00;3,41802554e-03;5,20708736e+02;
;1,94407711e+00;-1,72094032e+00;3,30499606e-03;5,20708736e+02;
;1,94607711e+00;-1,66181312e+00;3,19144467e-03;5,20708736e+02;
;1,94807711e+00;-1,60242350e+00;3,07738932e-03;5,20708736e+02;
;1,95007711e+00;-1,54278084e+00;2,96284801e-03;5,20708736e+02;
;1,95207711e+00;-1,48289456e+00;2,84783884e-03;5,20708736e+02;
;1,95407711e+00;-1,42277411e+00;2,73237996e-03;5,20708736e+02;
;1,95607711e+00;-1,36242899e+00;2,61648960e-03;5,20708736e+02;
;1,95807711e+00;-1,30186873e+00;2,50018607e-03;5,20708736e+02;
;1,96007711e+00;-1,24110288e+00;2,38348773e-03;5,20708736e+02;
;1,96207711e+00;-1,18014106e+00;2,26641301e-03;5,20708736e+02;
;1,96407711e+00;-1,11899287e+00;2,14898040e-03;5,20708736e+02;
;1,96607711e+00;-1,05766798e+00;2,03120844e-03;5,20708736e+02;
;1,96807711e+00;-9,96176074e-01;1,91311573e-03;5,20708736e+02;
;1,97007711e+00;-9,34526859e-01;1,79472092e-03;5,20708736e+02;
;1,97207711e+00;-8,72730072e-01;1,67604269e-03;5,20708736e+02;
;1,97407711e+00;-8,10795471e-01;1,55709981e-03;5,20708736e+02;
;1,97607711e+00;-7,48732836e-01;1,43791103e-03;5,20708736e+02;
;1,97807711e+00;-6,86551967e-01;1,31849519e-03;5,20708737e+02;
;1,98007711e+00;-6,24262684e-01;1,19887115e-03;5,20708738e+02;
;1,98207711e+00;-5,61874822e-01;1,07905779e-03;5,20708738e+02;
;1,98407711e+00;-4,99398234e-01;9,59074041e-04;5,20708738e+02;
;1,98607711e+00;-4,36842785e-01;8,38938840e-04;5,20708738e+02;
;1,98807711e+00;-3,74218353e-01;7,18671157e-04;5,20708741e+02;
;1,99007711e+00;-3,11534828e-01;5,98289988e-04;5,20708743e+02;
;1,99207711e+00;-2,48802108e-01;4,77814344e-04;5,20708747e+02;
;1,99407711e+00;-1,86030100e-01;3,57263248e-04;5,20708750e+02;
;1,99607711e+00;-1,23228715e-01;2,36655739e-04;5,20708752e+02;
;1,99807711e+00;-6,04078705e-02;1,16010858e-04;5,20708759e+02;
;2,00000000e+00;-2,44929360e-15;-8,10716686e-13;5,20708763e+02;
